Year,Country_Name,net_emission_removals_co2ton,surface_pct,EU28_CO2_emissions,CO2_aviation_sum,precipitation_m3,variation_temp_deg,terres_agricoles_perc,Aviation_perc
1990,Austria,-15381.55674,45.7213611,63.0664,0.91884,90688.0,1.08325,36.6178251392589,1.4569406213134093
1991,Austria,-15381.55674,45.79700896,66.76805999999999,1.03237,90688.0,0.10533333333333336,36.7752482441269,1.5462033792804526
1992,Austria,-15381.55674,45.87265682,61.35115,1.1215400000000002,90688.0,1.3894166666666667,36.4858319205619,1.8280667925540113
1993,Austria,-15381.55674,45.94830467,61.84215,1.18967,90688.0,0.6740833333333335,36.3162993460886,1.9237203105002012
1994,Austria,-15381.55674,46.02395253,62.27591999999999,1.2409400000000002,90688.0,1.9935000000000005,36.256962945023,1.9926482017447518
1995,Austria,-15381.55674,46.09960039,65.40133,1.38634,90688.0,0.7529999999999998,36.099539840155,2.1197428248018806
1996,Austria,-15381.55674,46.17524824,68.88729000000001,1.5313700000000001,90688.0,-0.30525,36.0050859772342,2.2230080469125726
1997,Austria,-15381.55674,46.2508961,68.84579000000001,1.59758,90688.0,0.8534166666666669,35.8997335916687,2.320519526321072
1998,Austria,-15381.55674,46.32654396,68.54281999999999,1.65704,90688.0,1.1264166666666666,35.8428190845241,2.4175252783588426
1999,Austria,-15381.55674,46.40219181,67.26285,1.6243,90688.0,1.102666666666667,35.7859045773795,2.414854559389024
2000,Austria,-15381.55674,46.47783967,67.90151999999999,1.7627199999999998,90688.0,1.9755000000000005,35.60426253330101,2.5959949055632334
2001,Austria,-6414.84198666667,46.508186,71.86094,1.7112299999999998,90688.0,1.1143333333333334,35.312424315815,2.3813075643040573
2002,Austria,-6414.84198666667,46.53853233,73.56364,1.60294,90688.0,1.8276666666666668,35.144102688302304,2.178984074197525
2003,Austria,-6414.84198666667,46.56887866,78.96713000000003,1.5154100000000001,90688.0,1.4899166666666666,34.9386049891015,1.919038972291382
2004,Austria,-6414.84198666667,46.59922499,79.46889,1.7891599999999999,90688.0,0.8313333333333334,34.7226931460402,2.251396741542508
2005,Austria,-6414.84198666667,46.62957132,81.10234,2.02648,90688.0,0.5464166666666667,34.5943327682248,2.4986701986650446
2006,Austria,-6414.84198666667,46.65991766,78.91060999999998,2.12051,90688.0,1.2311666666666663,34.4308549285541,2.6872305257810076
2007,Austria,-6414.84198666667,46.6913948,76.34275,2.24936,99493.0,1.93475,34.2718399573736,2.946396350668531
2008,Austria,-6414.84198666667,46.72174187,75.71885999999998,2.25261,85243.0,1.7211666666666663,34.0211678655332,2.9749655501944963
2009,Austria,-6414.84198666667,46.75208893,69.23939,1.9607299999999999,96576.0,1.5023333333333333,33.8467872799051,2.8318129319163554
2010,Austria,-6414.84198666667,46.78640201,74.11525999999998,2.11294,88872.0,0.4788333333333332,33.6583061849802,2.850883880053852
2011,Austria,-7516.8522,46.83564879,72.11491,2.2300500000000003,83256.0,1.7787499999999998,33.3971245503325,3.0923563518279376
2012,Austria,-7516.8522,46.88320372,69.39485,2.1272,90688.0,1.6274166666666667,33.1322528284517,3.0653571554661476
2013,Austria,-7516.8522,46.93986502,69.79699000000001,2.02991,90688.0,1.29225,32.913693036556,2.9083059312443127
2014,Austria,-7516.8522,46.98801546,66.19598,2.02643,90688.0,2.4368333333333334,32.890224543460604,3.0612584027005862
2015,Austria,-7516.8522,47.03332525,68.52653000000001,2.17667,90688.0,2.3226666666666667,32.9429229277751,3.17639022434085
2016,Austria,-7440.289633333349,47.07695104,69.5926,2.3722700000000003,90688.0,1.8714166666666667,32.3578526417838,3.4087963375416357
2017,Austria,-7440.289633333349,47.12045565,71.89899,2.2884299999999995,90688.0,1.7555833333333333,32.169413475521104,3.1828402596475964
2018,Austria,-7440.289633333349,47.16396025,69.13481,2.57594,90688.0,2.623083333333333,32.1477217644207,3.7259667018684226
2019,Austria,-7440.289633333349,46.53768855172414,70.91453,2.95282,90688.0,2.5106666666666664,34.64075286522253,4.163913939780747
2020,Austria,-7440.289633333349,46.53768855172414,70.30017599999998,1.83946,90688.0,2.281333333333334,34.64075286522253,2.6165795089901347
1990,Bulgaria,-25291.475,30.07321703,77.59465,0.76265,85718.47265,0.8794166666666667,55.6720600198861,0.9828641536497684
1991,Bulgaria,-25291.475,30.1166049,63.032680000000006,0.65007,85718.47265,-0.4998333333333334,55.690138298833894,1.031322164946818
1992,Bulgaria,-25291.475,30.15999277,59.04821999999999,0.8697699999999999,85718.47265,0.32025,55.6268643225165,1.472982589483646
1993,Bulgaria,-25291.475,30.20338064,60.36629,1.15081,85718.47265,0.01266666666666664,55.3285727198771,1.906378543389034
1994,Bulgaria,-25291.475,30.24676851,58.13779,0.9429200000000001,85718.47265,1.4672500000000002,55.6720600198861,1.6218710755947208
1995,Bulgaria,-25291.475,30.29015638,59.70893,0.9318700000000001,85718.47265,0.2510833333333334,55.7172557172557,1.5606878234126789
1996,Bulgaria,-25291.475,30.33354425,59.83675,0.61646,85718.47265,-0.26541666666666663,55.7172557172557,1.0302364349668054
1997,Bulgaria,-25291.475,30.37693212,56.32391,0.46088,85718.47265,-0.34416666666666673,56.069782156738704,0.8182670556784853
1998,Bulgaria,-25291.475,30.42031999,53.78168,0.40572,85718.47265,0.4919166666666666,51.0259423302901,0.7543832769820504
1999,Bulgaria,-25291.475,30.46370786,46.61425,0.25555,85718.47265,1.1714166666666668,51.3332730724035,0.5482229146666523
2000,Bulgaria,-25291.475,30.50709572,45.9061,0.25709,85718.47265,1.2220833333333334,50.45647654343311,0.5600345052182607
2001,Bulgaria,-28218.3916666667,30.83431257,49.59332,0.34638,85718.47265,1.0671666666666666,49.697188827623606,0.6984408384032366
2002,Bulgaria,-28218.3916666667,31.68566176,46.85755,0.39419,85718.47265,1.0808333333333335,48.9430147058824,0.841251836683736
2003,Bulgaria,-28218.3916666667,32.02721339,51.4394,0.49646999999999997,85718.47265,0.3345,48.9657074561,0.9651551145619894
2004,Bulgaria,-28218.3916666667,32.3630011,50.40496,0.47625,85718.47265,0.6671666666666667,49.006987863184996,0.9448474911992787
2005,Bulgaria,-28218.3916666667,32.73195876,51.56528,0.58108,85718.47265,0.16891666666666666,48.4628129602356,1.126882274274473
2006,Bulgaria,-28218.3916666667,33.068213199999995,52.76263,0.5545999999999999,85718.47265,0.5842499999999999,47.776857221761894,1.051122735921238
2007,Bulgaria,-28218.3916666667,33.40760519,56.44754,0.56129,85718.47265,1.70775,47.1043182027438,0.9943568842858342
2008,Bulgaria,-28218.3916666667,33.74090784,55.0942,0.65659,85718.47265,1.4253333333333336,46.96620937298589,1.1917588421285725
2009,Bulgaria,-28218.3916666667,34.0899042,46.91636,0.4784600000000001,85718.47265,1.3104166666666668,46.3338246131172,1.0198148364451125
2010,Bulgaria,-28218.3916666667,34.42336035,48.6673,0.5227799999999999,85718.47265,1.2880833333333332,46.5364775239499,1.0741915002475995
2011,Bulgaria,-13293.126,34.60022108,53.92081999999999,0.53369,85718.47265,0.4989166666666665,46.8680913780398,0.9897661051890532
2012,Bulgaria,-13293.126,34.7770818,49.0294,0.51342,74630.0,1.4838333333333331,47.190493736182795,1.047167617796669
2013,Bulgaria,-13293.126,34.95394252,43.4398,0.4961100000000001,70865.0,1.5420833333333337,46.0114222549742,1.1420632691679062
2014,Bulgaria,-13293.126,35.13080324,45.97917,0.52581,115305.8906,1.3900833333333338,45.845615327929295,1.1435830616342137
2015,Bulgaria,-13293.126,35.30766396,49.07503,0.54778,82073.0,1.5526666666666669,46.1670965364775,1.1162092004834232
2016,Bulgaria,-38226.474,35.38135593,46.38128,0.6549,85718.47265,1.634666666666667,46.25092114959471,1.4119920795631342
2017,Bulgaria,-38226.474,35.50110538,48.54489,0.73392,85718.47265,1.4127499999999995,46.3294030950626,1.5118378062037012
2018,Bulgaria,-38226.474,35.62085483,44.66093,0.78827,85718.47265,1.97625,46.3338246131172,1.7650102673634427
2019,Bulgaria,-38226.474,32.5116168024138,43.18455,0.74857,85718.47265,2.4650833333333333,49.968963715770336,1.7334208646379319
2020,Bulgaria,-38226.474,32.5116168024138,52.47718866666666,0.5971449999999999,85718.47265,2.2474166666666666,49.968963715770336,1.1379134728292037
1990,Denmark,-822.9158666666658,12.53691908,59.47706,1.9788,42580.0,1.8423333333333336,65.7702288275537,3.32699699682533
1991,Denmark,-822.9158666666658,12.63165841,69.67625,1.83133,33939.0,0.6699166666666665,65.3456003774475,2.628341795087996
1992,Denmark,-822.9158666666658,12.71440019,64.01825,1.88652,36542.0,1.4148333333333334,64.9540419514495,2.946847188106517
1993,Denmark,-822.9158666666658,12.8090502,67.6344,1.84888,39457.0,0.18541666666666665,64.5533820410087,2.7336385034834345
1994,Denmark,-822.9158666666658,12.90370021,72.34456999999998,2.0139400000000003,45807.0,1.1162500000000002,63.4221069997643,2.7838163942366387
1995,Denmark,-822.9158666666658,12.99835022,69.51108,2.06569,33939.0,0.7689166666666667,64.2469950506717,2.971742058963837
1996,Denmark,-822.9158666666658,13.09300024,82.59959,2.1759500000000003,26287.0,-0.6248333333333335,64.0113127504124,2.634335109895824
1997,Denmark,-822.9158666666658,13.18765025,72.77186,2.2224,32377.0,0.9221666666666668,63.3514023096865,3.0539277132671883
1998,Denmark,-822.9158666666658,13.28230026,68.66696999999999,2.35277,44766.0,0.76375,62.974310629271706,3.426348941856616
1999,Denmark,-822.9158666666658,13.37695027,65.86452,2.46412,47109.0,1.4361666666666668,62.3144001885458,3.7411948041221583
2000,Denmark,-822.9158666666658,13.47160028,61.49649,2.5038399999999994,32000.0,1.83975,62.3851048786236,4.071516927226252
2001,Denmark,-1168.94169333334,13.50669338,62.37461,2.54643,32000.0,0.7685833333333333,63.0685835493754,4.08247843152847
2002,Denmark,-1168.94169333334,13.54178647,61.05422,2.19928,36500.0,1.5418333333333332,62.809333019090296,3.6021752468543533
2003,Denmark,-1168.94169333334,13.57687957,66.36359,2.27869,26500.0,1.0728333333333333,62.644355408908794,3.4336448646012068
2004,Denmark,-1168.94169333334,13.61197266,60.5331,2.5754799999999998,34500.0,1.0460833333333333,62.361536648597706,4.2546639772289865
2005,Denmark,-1168.94169333334,13.64706576,57.11162,2.7088400000000004,27000.0,1.1665833333333333,63.7991986801791,4.743062795277039
2006,Denmark,-1168.94169333334,13.68215885,65.78506,2.7245,34500.0,1.7280833333333334,63.8699033702569,4.141517846149263
2007,Denmark,-1168.94169333334,13.71725194,61.18491,2.8081099999999997,37319.0,1.8804166666666664,62.7621965590384,4.589546670903005
2008,Denmark,-1168.94169333334,13.75234504,57.24078000000001,2.80935,33742.0,1.7764999999999995,62.88003770916799,4.9079519880756335
2009,Denmark,-1168.94169333334,13.78743813,53.12913,2.46937,31588.0,1.17225,62.0787178882866,4.647864551894601
2010,Denmark,-1168.94169333334,13.82253123,54.14376,2.57654,35422.6,-0.6070000000000001,61.890172048079215,4.758701649091234
2011,Denmark,-3105.36688,14.00254537,49.22278,2.63783,35422.6,1.435833333333333,63.398538769738394,5.358961846527157
2012,Denmark,-3105.36688,15.04415,44.24003,2.64214,35422.6,0.7656666666666668,65.6,5.972283472682998
2013,Denmark,-3105.36688,15.2351,46.46185,2.61362,35422.6,0.8483333333333333,65.7,5.6253033402673385
2014,Denmark,-3105.36688,15.42605,42.79339,2.81703,35422.6,2.5285,66.315775,6.582862446747032
2015,Denmark,-3105.36688,15.617,40.4358,2.75348,35422.6,1.8135,65.847475,6.809510384362372
2016,Denmark,-2544.30418,15.6165,42.10393,2.95678,35422.6,1.6751666666666667,65.64075,7.022574852276262
2017,Denmark,-2544.30418,15.64,39.44411,3.04293,35422.6,1.56925,65.782225,7.714535833106641
2018,Denmark,-2544.30418,15.664,39.7143,3.17856,35422.6,2.136416666666667,65.8,8.003565466343357
2019,Denmark,-2544.30418,13.85851889689655,36.48748,3.24752,35422.6,2.2408333333333337,63.98543740190187,8.90036801664571
2020,Denmark,-2544.30418,13.85851889689655,57.79618299999999,2.4976906666666667,35422.6,2.57125,63.98543740190187,4.321549515937181
1990,Estonia,-3827.41373666666,52.04057561,38.30007,0.11227,35996.0,1.5022413793103448,22.89935389682049,0.29313262351739827
1991,Estonia,-3827.41373666666,52.04057561,34.57314,0.11485999999999999,29416.925,1.5022413793103448,22.89935389682049,0.3322232229991259
1992,Estonia,-3827.41373666666,52.19386648,24.76526,0.03775,26950.0,1.6317500000000005,32.413305024770004,0.15243126864002235
1993,Estonia,-3827.41373666666,52.27169144,19.91501,0.05726000000000001,29400.0,0.3625833333333329,31.1394196744515,0.28752182399105003
1994,Estonia,-3827.41373666666,52.3495164,20.46696,0.0464,30260.0,0.4310833333333333,25.973106864826608,0.2267068485011941
1995,Estonia,-3827.41373666666,52.42734135,18.53307,0.053729999999999986,29868.0,1.3007499999999996,23.378155225289007,0.2899141912268177
1996,Estonia,-3827.41373666666,52.50516631,19.45894,0.04981,24793.0,-0.2308333333333336,23.7084217975938,0.25597488866300017
1997,Estonia,-3827.41373666666,52.58299127,19.01344,0.06872,29294.0,1.0157500000000004,24.1330502476999,0.36142854738542846
1998,Estonia,-3827.41373666666,52.66081623,17.28359,0.04886000000000002,33597.0,0.59025,24.604859636706802,0.28269589824799146
1999,Estonia,-3827.41373666666,52.73864119,16.31334,0.06814999999999999,28860.0,1.6409166666666668,23.6140599197924,0.4177562657309906
2000,Estonia,-3827.41373666666,52.81646615,15.86842,0.06598,29117.0,2.21625,23.2602028780373,0.4157943891074221
2001,Estonia,-3819.3816833333294,53.04560038,16.22246,0.05366,34665.0,1.178333333333333,20.995517810804397,0.3307759735576478
2002,Estonia,-3819.3816833333294,53.27473461,15.7606,0.05607,24227.0,1.3918333333333333,16.4708657702288,0.35576056749108537
2003,Estonia,-3819.3816833333294,53.50386884,17.636779999999995,0.06495999999999999,18933.90039,0.8976666666666667,19.549422033498498,0.3683212014891608
2004,Estonia,-3819.3816833333294,53.73300307,17.91479,0.09759,33438.5,1.1995833333333332,18.1740976645435,0.5447454310097969
2005,Estonia,-3819.3816833333294,53.9621373,17.65556,0.14131000000000002,28985.69922,1.3199166666666666,20.8044350082567,0.8003711012281685
2006,Estonia,-3819.3816833333294,54.19127153,17.28746,0.15115,23514.69922,1.7697500000000002,21.1960368011323,0.874333187177295
2007,Estonia,-3819.3816833333294,54.42040576,20.94055,0.18285,31431.40039,2.0581666666666663,21.5758433592828,0.8731862343634718
2008,Estonia,-3819.3816833333294,54.64953999,18.83227,0.20873000000000005,29416.925,2.478,21.3918376975702,1.1083634633530637
2009,Estonia,-3819.3816833333294,54.87867422,15.27026,0.11355,29416.925,1.2633333333333334,21.9815994338287,0.7436022700333851
2010,Estonia,-3819.3816833333294,55.10780845,19.75802,0.10408,29416.925,0.22783333333333325,22.382637414484506,0.5267734317507524
2011,Estonia,-8692.161793333342,55.50879925,19.78677,0.14127,30371.30078,2.0646666666666658,22.316584100023604,0.7139619048485427
2012,Estonia,-8692.161793333342,55.90979004,19.22534,0.18339000000000005,38917.0,0.7871666666666668,22.550129747582,0.9538973042869466
2013,Estonia,-8692.161793333342,54.91175523,21.12913,0.1471,25719.0,1.7873333333333334,22.1992178513918,0.6961952527150905
2014,Estonia,-8692.161793333342,55.30278353,19.98931,0.14722000000000002,29416.925,2.194083333333333,22.4062571888659,0.7364936558590568
2015,Estonia,-8692.161793333342,55.69381182,16.88111,0.15439000000000005,29416.925,2.646916666666667,22.843340234644604,0.9145725606906183
2016,Estonia,-574.061766666673,55.69933287,18.52542,0.14124,29416.925,1.6714999999999998,23.0733839429492,0.7624118643463954
2017,Estonia,-574.061766666673,56.09385783,19.94129,0.18289,29416.925,1.54675,23.050379572118697,0.9171422711369224
2018,Estonia,-574.061766666673,56.09385783,19.07935,0.21264,29416.925,2.171416666666667,23.096388313779602,1.1145033766873609
2019,Estonia,-574.061766666673,53.8830579513793,13.13506,0.21421,29416.925,2.4862500000000005,22.899353896820493,1.6308262010223025
2020,Estonia,-574.061766666673,53.8830579513793,19.648759,0.11406966666666668,29416.925,3.466,22.899353896820493,0.5805438738734935
1990,Finland,-38482.9986933334,71.81893693,59.97391,1.39287,201000.0,1.6871666666666665,7.85646278604025,2.322459882972446
1991,Finland,-38482.9986933334,72.00617551,58.07936,1.28804,245000.0,1.0944166666666668,7.96086542565416,2.2177241622497217
1992,Finland,-38482.9986933334,72.1934141,57.47679,1.14993,257000.0,1.3703333333333332,7.90078466134804,2.000685842059029
1993,Finland,-38482.9986933334,72.38065268,59.00343,1.0702200000000002,210000.0,0.5432499999999999,7.825929938605999,1.8138267554954008
1994,Finland,-38482.9986933334,72.56789126,64.02261999999999,1.08796,222000.0,0.48025,7.918513411471161,1.6993368906177224
1995,Finland,-38482.9986933334,72.75512985,60.22864000000001,1.1594099999999998,223000.0,1.0751666666666668,7.36728060671723,1.9250144117482972
1996,Finland,-38482.9986933334,72.94236843,66.33459,1.26567,195000.0,0.3798333333333334,7.2819199579762985,1.9080090794259825
1997,Finland,-38482.9986933334,73.12960701,65.1317,1.3365900000000002,202000.0,0.9684166666666668,7.05866903050002,2.0521343677502664
1998,Finland,-38482.9986933334,73.3168456,62.16481,1.4090599999999998,255000.0,0.08000000000000003,7.19655930923537,2.266652146125758
1999,Finland,-38482.9986933334,73.50408418,61.86579,1.4774,209600.0,1.1208333333333331,7.22742046685709,2.388072632710259
2000,Finland,-38482.9986933334,73.69132276,60.25609,1.44286,240000.0,2.327833333333333,7.2819199579762985,2.394546343780355
2001,Finland,-44456.2107366666,73.62446568,65.56633000000001,1.46211,217000.0,0.90775,7.2950523654749,2.2299707792093897
2002,Finland,-44456.2107366666,73.55760859,68.30363,1.4006100000000001,179000.0,1.0363333333333329,7.34101579172002,2.0505645161172255
2003,Finland,-44456.2107366666,73.4907515,75.92311,1.4402400000000002,207000.0,1.2553333333333334,7.373846810466532,1.8969718179352772
2004,Finland,-44456.2107366666,73.42389442,71.99043,1.61421,278000.0,1.3580833333333333,7.39682852358909,2.2422563665753903
2005,Finland,-44456.2107366666,73.35703733,60.03906,1.59267,228000.0,1.9895833333333333,7.46511704258183,2.652723077276693
2006,Finland,-44456.2107366666,73.40585972,71.69988000000002,1.71745,201683.0,1.7245,7.5656834697971105,2.395331763456228
2007,Finland,-44456.2107366666,73.34372061,69.96858,1.92107,185000.0,1.9230833333333333,7.54677891413726,2.7456181045835146
2008,Finland,-44456.2107366666,73.32256663,61.76504,2.05032,255938.0,2.0379166666666664,7.55643303718328,3.319547757113086
2009,Finland,-44456.2107366666,73.25555775,58.3574,1.8062900000000002,192638.0,1.2274166666666666,7.556762092793679,3.0952201434608124
2010,Finland,-44456.2107366666,73.18854886,66.48246,1.88107,215684.0,-0.0839166666666666,7.54162553471537,2.829422978632259
2011,Finland,-68681.9244466667,73.30086544,59.3003,2.2103900000000003,254903.0,2.317916666666666,7.52443318305966,3.727451631779266
2012,Finland,-68681.9244466667,73.41077364,53.52855,2.09952,273591.0,0.718,7.51949718648195,3.922243363588216
2013,Finland,-68681.9244466667,73.52068183,54.10686,2.1293800000000003,221166.0,2.131,7.4319655138372385,3.935508362525566
2014,Finland,-68681.9244466667,73.63059002,49.89119,2.1025099999999997,223716.79166666666,2.4675,7.460265227549441,4.214190922285075
2015,Finland,-68681.9244466667,73.73564542,47.06382,2.142,223716.79166666666,2.811083333333334,7.48050409660755,4.551266769250774
2016,Finland,0.0,73.73564542,50.13875,2.1494500000000003,223716.79166666666,2.030666666666667,7.48576881313547,4.287003565106829
2017,Finland,0.0,73.73321927,47.89895,2.2869200000000003,223716.79166666666,1.5098333333333331,7.4690708081074,4.774467916311319
2018,Finland,0.0,73.73321927,49.30356,2.59861,223716.79166666666,2.07,7.47565148723348,5.270633601305869
2019,Finland,0.0,73.20955447275861,46.21961,2.77984,223716.79166666666,1.7005833333333331,7.4952629465811444,6.014416824373896
2020,Finland,0.0,73.20955447275861,60.06950800000001,1.7154890000000003,223716.79166666666,3.353,7.4952629465811444,2.855839937959871
1990,France,-30397.84,26.36394517,414.73467,12.98023,458802.9063,1.3145833333333332,55.8705251969626,3.129767279885234
1991,France,-30397.84,26.51954285,439.25904,12.7365,412166.5938,0.2867499999999999,55.673471325831,2.899541919501531
1992,France,-30397.84,26.67514053,430.51411,14.11599,467894.5,0.7596666666666666,55.489749180920704,3.2788681420917882
1993,France,-30397.84,26.83073821,411.58552,14.42011,473114.9063,0.3941666666666667,55.3199066413912,3.5035513397069944
1994,France,-30397.84,26.98633589,404.76044,14.98409,602141.625,1.5530833333333334,55.1621174433767,3.7019650438170295
1995,France,-30397.84,27.14193358,410.2569,15.61265,526938.5,1.1000833333333333,55.0622208099115,3.8055788945901945
1996,France,-30397.84,27.29753126,427.85872,16.79009,496655.8125,0.11383333333333336,54.963785187538996,3.924213581529903
1997,France,-30397.84,27.45312894,421.95706,17.235100000000006,463500.6875,1.3840000000000001,54.860236026342,4.084562538188129
1998,France,-30397.84,27.60872662,442.53713,18.15445,484093.3125,0.8340833333333334,54.7513906999339,4.102356337873841
1999,France,-30397.84,27.7643243,441.77696,19.62503,583224.6875,1.1875,54.658433869159204,4.442293685935998
2000,France,-30397.84,27.91987099,437.22088,20.28756,572225.5,1.32975,54.4360781420356,4.640116912989151
2011,France,-66361.46,30.13823218,388.80029,21.52212,428158.1875,1.8875833333333327,52.7408105457514,5.535520562497523
2012,France,-66361.46,30.29054509,390.00561,21.13185,516008.3125,1.0901666666666665,52.679081812487105,5.418345136112273
2013,France,-66361.46,30.442858,390.62643,20.96932,578551.625,0.6734999999999999,52.549232317366,5.368126268363356
2014,France,-66361.46,30.59517091,358.0912,20.971450000000004,567709.1875,1.979666666666667,52.5360830014044,5.856455003641532
2015,France,-66361.46,30.74748382,362.5217,21.92199,429730.0938,1.8239166666666664,52.4637617636155,6.047083526310288
2016,France,-67236.84,30.89979673,365.85177,21.7576,500027.30530000007,1.4649166666666666,52.44754610022329,5.947108032304996
2017,France,-67236.84,31.05210964,369.69213,22.18072,500027.30530000007,1.7015,52.41006689714501,5.999781493860851
2018,France,-67236.84,31.20442255,356.27186,23.02406,500027.30530000007,2.1660833333333334,52.3417653321937,6.462497487171734
2019,France,-67236.84,28.775117322068965,350.42869,24.01633,500027.30530000007,1.9781666666666664,53.86216609599082,6.853414313765234
2020,France,-67236.84,28.775117322068965,411.26579399999997,19.397948666666665,500027.30530000007,2.381,53.86216609599082,4.716645281388674
1990,Germany,-61226.308,32.36616733,1070.80293,14.33316,273000.0,1.4262500000000002,51.6483831237648,1.3385432182185006
1991,Germany,-61226.308,32.38163435,1031.42714,14.057720000000002,228000.0,0.2905,49.082003838111895,1.3629387336074947
1992,Germany,-61226.308,32.39710137,983.22234,15.091359999999998,282000.0,1.2900833333333332,48.5521152579269,1.5348878260841792
1993,Germany,-61226.308,32.41349679,975.95172,15.94877,314000.0,0.4453333333333336,49.157882676443606,1.6341761250238895
1994,Germany,-61226.308,32.42989316,959.71402,16.575699999999998,316000.0,1.6628333333333334,49.57749706396271,1.7271499274335906
1995,Germany,-61226.308,32.44629046,959.46128,17.1806,309000.0,0.8782499999999996,49.67917502148379,1.790650686810415
1996,Germany,-61226.308,32.4626887,980.41891,17.98537,239000.0,-0.7241666666666667,49.6634105817984,1.8344576809519106
1997,Germany,-61226.308,32.48187939,953.56244,18.6773,252000.0,0.9135833333333334,49.6404526572124,1.9586866277996433
1998,Germany,-61226.308,32.50014326,945.48523,19.2054,323000.0,1.0479166666666668,49.776517105037,2.031274459993415
1999,Germany,-61226.308,32.51934208,919.47724,20.60725,294000.0,1.4551666666666667,49.1489483638031,2.24119196251122
2000,Germany,-61226.308,32.53761284,924.94444,21.85433,294000.0,1.8595000000000004,48.91245164063621,2.362772189862561
2001,Germany,-28199.2333333333,32.55803955,941.35247,21.296120000000002,327000.0,0.99675,48.822012037833204,2.2622897032394254
2002,Germany,-28199.2333333333,32.57753827,924.99555,21.11094,359000.0,1.5612499999999996,48.6355558103537,2.282274763375889
2003,Germany,-28199.2333333333,32.59797598,927.30191,21.43169,215000.0,1.3745000000000005,48.7400017201342,2.311187949564344
2004,Germany,-28199.2333333333,32.6174843,914.30548,21.93349,287000.0,0.9385,48.7799982796686,2.3989236070202704
2005,Germany,-28199.2333333333,32.6341897,896.5646800000002,25.23625,261000.0,0.9916666666666668,48.8330083725198,2.814771824381928
2006,Germany,-28199.2333333333,32.65370498,909.69816,26.5082,248000.0,1.5699166666666666,48.5948612066988,2.913955547629117
2007,Germany,-28199.2333333333,32.67416181,885.518,27.47187000000001,333000.0,1.8598333333333337,48.61330197608051,3.102350262784044
2008,Germany,-28199.2333333333,32.69368672,888.78133,27.76077,269000.0,1.5031666666666668,48.53569687060779,3.1234645759266795
2009,Germany,-28199.2333333333,32.71133932,822.6275400000002,26.94367,280000.0,1.2164166666666667,48.4380826711798,3.2753182564250154
2010,Germany,-28199.2333333333,32.73087185,865.34103,26.5402,300000.0,-0.13050000000000006,47.9100324181656,3.067022027142293
2011,Germany,-39069.521333333396,32.73754877,840.5555400000002,25.39798,257000.0,1.7435,47.9659169153087,3.021570710247177
2012,Germany,-39069.521333333396,32.74516555,846.4273099999998,27.18466,272000.0,1.1435,47.8108681930338,3.211694575403056
2013,Germany,-39069.521333333396,32.71898647,863.52673,27.481540000000006,276000.0,0.76975,47.8588626461821,3.182477049668168
2014,Germany,-39069.521333333396,32.72284322,823.68711,26.54205,257000.0,2.4310000000000005,47.9363714531384,3.2223461649169187
2015,Germany,-39069.521333333396,32.73232815,827.2913900000002,26.531820000000003,249000.0,1.9975833333333333,47.9590666743106,3.207070727522016
2016,Germany,-39106.2686666667,32.68548202,835.3306299999998,28.52683,281307.6923076923,1.64825,47.678612319670286,3.415034595343404
2017,Germany,-39106.2686666667,32.68454647,821.35284,31.17226,281307.6923076923,1.6619999999999997,47.7631164667831,3.7952337268353515
2018,Germany,-39106.2686666667,32.68361097,788.2575400000002,32.054970000000004,281307.6923076923,2.4925,47.6415364359723,4.066560530458103
2019,Germany,-39106.2686666667,32.58950875275862,744.5298,31.851329999999997,281307.6923076923,2.3435,48.73640482061456,4.278046358923444
2020,Germany,-39106.2686666667,32.58950875275862,902.397091,23.14978666666667,281307.6923076923,2.4586666666666663,48.73640482061456,2.565365834791534
1990,Hungary,-4186.2381,20.18359853,73.7305,0.5087,46779.0,0.9826666666666664,72.0373873372649,0.6899451380364978
1991,Hungary,-4186.2381,20.30295983,70.05394,0.4012,55480.0,-0.222,71.8816067653277,0.5727015496915663
1992,Hungary,-4186.2381,20.42232113,62.50461,0.42333,45570.0,1.0835833333333331,68.27639924335149,0.6772780439714766
1993,Hungary,-4186.2381,20.5439684,63.77435,0.38855,49941.0,0.30058333333333337,68.2172267972401,0.6092574836121419
1994,Hungary,-4186.2381,20.66334298,62.36724,0.58458,50030.0,1.6880000000000002,68.1281994213221,0.9373190155600921
1995,Hungary,-4186.2381,20.78271756,61.94992,0.5624600000000001,64263.0,0.5144166666666666,68.7625194747385,0.9079269190339553
1996,Hungary,-4186.2381,20.90209214,63.61809,0.59724,63500.0,-0.4384166666666667,68.8181615846873,0.9387895801335752
1997,Hungary,-4186.2381,21.03551225,62.18847,0.5687800000000001,49700.0,0.18958333333333333,68.9866369710468,0.9146068394993477
1998,Hungary,-4186.2381,21.15496659,61.76293,0.60319,68100.0,0.6633333333333334,68.96436525612471,0.9766214135242612
1999,Hungary,-4186.2381,21.27442094,62.30718,0.64745,75700.0,0.9217500000000002,68.8864142538976,1.0391258278740907
2000,Hungary,-4186.2381,21.43684445,59.08425,0.72328,40548.0,1.9628333333333328,65.32024101763001,1.2241502600100704
2001,Hungary,-3404.72638,21.57656773,60.64325,0.67914,57102.0,0.8634166666666666,65.4429814773488,1.1198938051638063
2002,Hungary,-3404.72638,21.71629101,59.64189,0.6411899999999999,52452.0,1.7288333333333332,65.264449899576,1.0750665346118307
2003,Hungary,-3404.72638,21.85601428,62.38074,0.62855,43340.0,0.8803333333333333,65.4429814773488,1.0076026671052636
2004,Hungary,-3404.72638,21.99573756,60.84508,0.7207399999999999,63798.0,0.6029166666666667,65.431823253738,1.1845493505801945
2005,Hungary,-3404.72638,22.13793103,61.10149000000001,0.8348500000000001,69378.0,0.1948333333333333,65.42796562883609,1.3663332923632465
2006,Hungary,-3404.72638,22.2776699,60.47472,0.84195,54220.0,0.9095,64.8253543131347,1.3922346395320226
2007,Hungary,-3404.72638,22.41740877,59.41836,0.8693200000000001,58400.0,1.910583333333333,64.8030353755161,1.4630494682115092
2008,Hungary,-3404.72638,22.55714764,58.099,0.8548400000000002,56451.0,1.757083333333333,64.61332440575829,1.4713506256562079
2009,Hungary,-3404.72638,22.46623219,52.19655,0.7294099999999999,58311.0,1.546166666666667,63.879377002098714,1.3974295235987817
2010,Hungary,-3404.72638,22.60455098,52.78929,0.72424,92535.0,0.6142500000000001,59.0191096873964,1.371944953228202
2011,Hungary,-4376.8296,22.63642991,50.91858,0.7311700000000001,39153.0,1.2323333333333333,58.952833314923204,1.4359591331887107
2012,Hungary,-4376.8296,22.66830885,47.28049,0.5267499999999999,45384.0,1.50375,58.96387937700211,1.1140958987523182
2013,Hungary,-4376.8296,22.70018778,44.10047,0.5143099999999999,62031.0,1.3811666666666669,58.0691483486137,1.166223398526138
2014,Hungary,-4376.8296,22.55023011,44.21678,0.5423600000000001,70680.0,2.3236666666666665,57.6813499890423,1.2265931621434216
2015,Hungary,-4376.8296,22.58185404,47.16653,0.55593,51429.0,2.135,57.6813499890423,1.1786535918584642
2016,Hungary,-4125.18142666666,22.55895244,47.65779000000001,0.5901299999999999,57087.5,1.6416666666666666,57.87858864781939,1.2382655595234269
2017,Hungary,-4125.18142666666,22.5429542,50.13261,0.68428,57087.5,1.5910833333333332,58.10870041639271,1.364939906380298
2018,Hungary,-4125.18142666666,22.5281613,50.2489,0.8453799999999999,57087.5,2.483,58.031996493535004,1.6823850870367312
2019,Hungary,-4125.18142666666,21.761219811034486,49.93026,0.8582599999999999,57087.5,2.6015833333333336,64.40680714550875,1.7189175461934305
2020,Hungary,-4125.18142666666,21.761219811034486,57.41947533333334,0.6460519999999998,57087.5,2.062,64.40680714550875,1.125144380455444
1990,Croatia,-1254.66913,33.08889286,23.62157,0.50322,51723.0,1.3163649425287358,28.1081187265526,2.1303410399901446
1991,Croatia,-1254.66913,33.08889286,17.080479999999998,0.10073,63146.333333333336,1.3163649425287358,28.1081187265526,0.5897375249407512
1992,Croatia,-1254.66913,33.21409408,16.443720000000006,0.07888999999999999,63146.333333333336,1.035583333333333,42.99767483455551,0.47975762175468784
1993,Croatia,-1254.66913,33.27669469,16.99028,0.20265,63146.333333333336,0.5618333333333333,40.6367376140225,1.1927407906167526
1994,Croatia,-1254.66913,33.3392953,16.45658,0.28319,63146.333333333336,1.6899999999999995,41.35217313539621,1.7208314242691984
1995,Croatia,-1254.66913,33.4018959,17.1647,0.26809,72072.0,0.41408333333333336,41.709890896083,1.5618682528678043
1996,Croatia,-1254.66913,33.42265095,17.68329,0.24516,63146.333333333336,-0.1435,34.565916398713796,1.3863935953094702
1997,Croatia,-1254.66913,33.48517328,18.86734,0.25836,63146.333333333336,0.5160000000000001,34.6730975348339,1.3693504224760882
1998,Croatia,-1254.66913,33.58969773,19.34829,0.2769,63146.333333333336,0.8294166666666666,36.6302986943302,1.43113422426478
1999,Croatia,-1254.66913,33.65229834,20.33449,0.26778,63146.333333333336,0.9520833333333334,36.3441244857807,1.3168759088622337
2000,Croatia,-1254.66913,33.71489894,19.91935,0.22660999999999998,53137.0,1.8385,20.908603112144498,1.1376375233127585
2001,Croatia,-1087.3632,33.77749955,21.074720000000006,0.2294,62517.0,1.105333333333333,21.069576104453606,1.0885079374720041
2002,Croatia,-1087.3632,33.84010016,22.15035,0.22,70169.0,1.6205833333333337,21.123233768556602,0.9932122968711555
2003,Croatia,-1087.3632,33.90270077,23.46601,0.21685,45655.0,1.2970833333333334,21.3915220890717,0.9241025636654888
2004,Croatia,-1087.3632,33.93495354,23.17597,0.24829,68673.0,0.7311666666666667,21.015010721944197,1.071325169992885
2005,Croatia,-1087.3632,33.99749821,23.6831,0.29544000000000004,67593.0,0.16825,21.6404574696212,1.2474718259011701
2006,Croatia,-1087.3632,34.06004289,23.87981,0.30485999999999996,57114.0,0.95175,21.979985704074306,1.276643323376526
2007,Croatia,-1087.3632,34.12258756,25.21939,0.31744,60255.0,1.7491666666666663,21.479628305932803,1.258714029165654
2008,Croatia,-1087.3632,34.18513224,23.98363,0.35829999999999995,63146.333333333336,1.6711666666666665,23.036097212294504,1.493935655278204
2009,Croatia,-1087.3632,34.24767691,22.10071,0.30801,63146.333333333336,1.5045833333333336,23.2237312365976,1.3936656333665298
2010,Croatia,-1087.3632,34.31022159,21.33429,0.32687,63146.333333333336,0.733,23.8348820586133,1.5321344183471772
2011,Croatia,-1510.9160000000004,34.31736955,21.03913,0.34572,66680.0,1.506833333333333,23.697283774124397,1.6432238405295279
2012,Croatia,-1510.9160000000004,34.32451751,19.43107,0.36144,62618.0,1.684583333333333,23.7848463187991,1.8601137250805027
2013,Croatia,-1510.9160000000004,34.33166548,18.81464,0.39793,61108.0,1.4666666666666666,28.0075053609721,2.1150019346636446
2014,Croatia,-1510.9160000000004,33.95652942,18.06598,0.39857,85551.0,2.0989166666666668,26.6566531189256,2.206190862604741
2015,Croatia,-1510.9160000000004,33.96359781,18.18228,0.38488,62330.0,2.00025,27.1638098603994,2.116786233629666
2016,Croatia,-4809.63274,34.00106379,18.47202,0.40686,63146.333333333336,1.7071666666666665,27.3193143664958,2.2025744883342484
2017,Croatia,-4809.63274,34.13338752,19.18723,0.48048,63146.333333333336,1.672,26.4534370030041,2.504165530928644
2018,Croatia,-4809.63274,34.17759321,18.32313,0.59139,63146.333333333336,2.334583333333333,26.223714437179694,3.2275599201664784
2019,Croatia,-4809.63274,33.822711125517245,18.46261,0.6379100000000001,63146.333333333336,2.3810833333333337,28.108118726552604,3.4551452909420717
2020,Croatia,-4809.63274,33.822711125517245,20.131872000000005,0.3180740000000001,63146.333333333336,2.096416666666667,28.108118726552604,1.579952425685997
1990,Ireland,-3578.094960000001,6.701117724,34.07307,1.1206699999999998,90589.79688,0.7898333333333332,82.00029031789809,3.2890197449187872
1991,Ireland,-3578.094960000001,6.946029903,34.8201,1.0830799999999998,81254.25781,0.30966666666666665,64.4796051676586,3.11050226736856
1992,Ireland,-3578.094960000001,7.190942082,34.45278,0.94793,86111.54688,0.2842499999999999,64.0586442154159,2.7513890025710555
1993,Ireland,-3578.094960000001,7.43585426,35.22758,1.3784999999999998,88750.75781,0.11574999999999995,63.9280011612716,3.9131271577553717
1994,Ireland,-3578.094960000001,7.680766439,36.14905,1.22697,97777.46094,0.3643333333333333,63.7247786326027,3.394197081251097
1995,Ireland,-3578.094960000001,7.925678617999999,37.37546,1.19921,85872.89063,0.953,63.7102627376978,3.208549138926986
1996,Ireland,-3578.094960000001,8.170590797000001,39.02695,1.10773,82966.9375,0.009666666666666657,63.0134997822616,2.8383719455401977
1997,Ireland,-3578.094960000001,8.415502976,40.56239,1.3317100000000002,86567.78906,1.1486666666666665,64.3199303237045,3.2831152207747136
1998,Ireland,-3578.094960000001,8.660415155,42.52669,1.3752000000000002,98107.35938,0.9229166666666666,64.1021919001306,3.233733920979978
1999,Ireland,-3578.094960000001,8.905327332999999,44.54498,1.62529,93474.6875,0.9478333333333334,64.1312236899405,3.6486490733635977
2000,Ireland,-3578.094960000001,9.150239512,47.54132,1.88401,94225.74219,0.5851666666666667,64.04412832051099,3.962889545347079
2001,Ireland,-3243.32418666667,9.280911598,50.30996,2.26209,70248.14844,0.4896666666666667,64.0150965307011,4.4963064967652535
2002,Ireland,-3243.32418666667,9.411583684,48.86797,2.40013,102101.2813,0.9141666666666668,63.478008419218995,4.911458364241445
2003,Ireland,-3243.32418666667,9.54225577,48.50012,2.34726,72374.96875,1.0083333333333335,63.4344607345043,4.83969936569229
2004,Ireland,-3243.32418666667,9.672927856,48.79731,2.2246200000000003,82791.46094,0.9603333333333332,62.490927565684395,4.558898840940208
2005,Ireland,-3243.32418666667,9.803599942,50.97313,2.5666,80278.60156,1.1078333333333334,62.447379880969706,5.035201879892407
2006,Ireland,-3243.32418666667,9.934272027999999,50.87498,2.95791,91144.29688,1.1983333333333337,61.837712294963,5.814075995705551
2007,Ireland,-3243.32418666667,10.06494411,51.05993,3.12352,82798.5,1.3538333333333332,62.069966613441714,6.117360521254142
2008,Ireland,-3243.32418666667,10.1956162,50.41263,2.90493,98949.70313,0.6913333333333335,67.1940775148788,5.7623059935575665
2009,Ireland,-3243.32418666667,10.32628829,44.71403,2.29515,105505.6016,0.6925833333333333,66.6848599216142,5.132952677269304
2010,Ireland,-3243.32418666667,10.45696037,44.53066,2.3555900000000003,74010.0,-0.2881666666666666,66.3086079256786,5.2898160503347595
2011,Ireland,-3344.11821333334,10.55651038,40.50006,2.0932699999999995,89439.0,1.0090833333333329,66.1199012919147,5.16856024410828
2012,Ireland,-3344.11821333334,10.65606039,40.37721,1.7529400000000002,92120.0,0.6900000000000001,65.8005516040064,4.341409423781386
2013,Ireland,-3344.11821333334,10.75561039,39.74824,2.02066,83886.0,0.69775,64.98766148933079,5.083646470887767
2014,Ireland,-3344.11821333334,10.8551604,39.54795,2.23836,97855.0,1.27975,64.8279866453767,5.659863532749485
2015,Ireland,-3344.11821333334,10.95471041,41.69637,2.5326700000000004,105541.0,0.6328333333333335,64.3054144287995,6.0740779113385654
2016,Ireland,-3889.1932933333296,11.06619248,43.2287,2.5982300000000005,89028.56881461538,0.9354166666666668,64.7554071708521,6.010428257153235
2017,Ireland,-3889.1932933333296,11.17752939,42.65069,3.05486,89028.56881461538,1.1936666666666669,65.1618522281899,7.162510149308253
2018,Ireland,-3889.1932933333296,11.23559297,42.97437,3.29645,89028.56881461538,0.9680833333333332,65.5537813906227,7.670734905479708
2019,Ireland,-3889.1932933333296,9.418247981275861,41.03243,3.3373,89028.56881461538,1.0919166666666666,64.93055896206346,8.133322837570185
2020,Ireland,-3889.1932933333296,9.418247981275861,42.903237,2.0880946666666667,89028.56881461538,1.02925,64.93055896206346,4.866986299114603
1990,Italy,-35316.1233333333,25.80582095,448.2883,5.7779000000000025,296000.0,0.92,57.257488694706105,1.2888803923724985
1991,Italy,-35316.1233333333,26.07085784,447.85543,6.590610000000002,249601.20053333332,0.005499999999999987,54.585019210499496,1.4715931880071214
1992,Italy,-35316.1233333333,26.33589473,447.88025,6.609249999999999,249601.20053333332,0.7450833333333334,54.3266124919248,1.4756734640565194
1993,Italy,-35316.1233333333,26.60093162,440.57236,6.7586900000000005,249601.20053333332,0.6009166666666668,54.095406480568506,1.5340703624712182
1994,Italy,-35316.1233333333,26.86596852,434.89182,6.964169999999998,249601.20053333332,1.5217500000000002,53.388188092890395,1.601356861575368
1995,Italy,-35316.1233333333,27.13100541,459.71197,7.387659999999999,249601.20053333332,0.4254166666666667,52.133555472442296,1.6070192820952647
1996,Italy,-35316.1233333333,27.3960423,453.03349,8.00098,249601.20053333332,0.19225,52.1879568868791,1.766090184635136
1997,Italy,-35316.1233333333,27.66107919,459.15421,8.27495,249601.20053333332,0.9835833333333334,52.1743565332699,1.8022158612027102
1998,Italy,-35316.1233333333,27.92611608,471.9804,8.99564,249601.20053333332,0.8055833333333334,52.6469688211894,1.9059350769650607
1999,Italy,-35316.1233333333,28.19115297,477.15329,9.9965,249601.20053333332,1.0300833333333337,53.7179966679134,2.0950290419248705
2000,Italy,-35316.1233333333,28.45618986,482.59372,10.67201,244648.5938,1.4117499999999998,53.167182346741,2.2113860080897862
2001,Italy,-35510.0911,28.68018428,483.1474,10.44163,190838.7031,1.2121666666666666,52.708170412430704,2.161168620590735
2002,Italy,-35510.0911,28.90417871,490.22359000000006,9.74422,283729.4063,1.211,51.929550168304395,1.9877093225970623
2003,Italy,-35510.0911,29.12520228,510.0441,10.94896,218186.2031,1.4744166666666667,50.679948323927405,2.1466692782055508
2004,Italy,-35510.0911,29.34917386,516.2498,10.8587,274198.6875,0.8432499999999999,50.5983545250561,2.1033809601475872
2005,Italy,-35510.0911,29.57314544,517.56039,11.32258,250316.0,0.38475,50.0985925069695,2.187682871171807
2006,Italy,-35510.0911,29.79711702,513.43497,12.13198,201418.0938,1.1000833333333333,48.28653022370301,2.362904887448551
2007,Italy,-35510.0911,30.0210886,508.03163,12.86675,194680.0,1.3942500000000002,48.147140817297895,2.5326671097230697
2008,Italy,-35510.0911,30.24506018,496.63485,12.39685,262289.8125,1.2054999999999998,49.15074454341471,2.496169972767719
2009,Italy,-35510.0911,30.46903175,440.19378,11.17304,272025.8125,1.2725833333333332,47.5365472224111,2.5382094222230944
2010,Italy,-35510.0911,30.69300333,451.86798,11.76761,306883.0938,0.65075,48.7108179778337,2.604214177778209
2011,Italy,-35461.2808,30.87593663,440.61529,12.03267,249601.20053333332,1.3946666666666667,47.0952607601822,2.7308789034533953
2012,Italy,-35461.2808,31.05886993,418.58808,11.49088,249601.20053333332,1.4148333333333334,46.6750526959951,2.745152226981715
2013,Italy,-35461.2808,31.24180322,383.59136,11.16735,249601.20053333332,1.11475,46.338478275651,2.9112621306173323
2014,Italy,-35461.2808,31.42473652,363.00971,11.320049999999998,249601.20053333332,1.67725,44.747399197661,3.118387659657919
2015,Italy,-35461.2808,31.60766982,376.39879,11.73349,249601.20053333332,1.7915833333333335,44.0096552661998,3.1173027947300254
2016,Italy,-13613.93,31.79060991,375.0434,12.456669999999999,249601.20053333332,1.6440000000000001,43.5574896307881,3.321394270636411
2017,Italy,-13613.93,31.97355001,371.12351,13.38694,249601.20053333332,1.5155,43.607023866186196,3.6071387662829553
2018,Italy,-13613.93,31.76875021,368.10522,14.285520000000002,249601.20053333332,1.985166666666667,41.66526718839221,3.88082516189257
2019,Italy,-13613.93,29.208281764482756,358.63293,14.78131,249601.20053333332,1.81825,49.835267424187194,4.121570765963962
2020,Italy,-13613.93,29.208281764482756,446.853734,10.411185333333332,249601.20053333332,1.8208333333333333,49.835267424187194,2.3298866141584784
1990,Latvia,-14977.229666666699,51.01614252,21.43854,0.22122,54578.0,1.4625086206896554,30.01935940589525,1.0318799694382172
1991,Latvia,-14977.229666666699,51.01614252,18.71003,0.29908,43468.0,1.4625086206896554,30.01935940589525,1.5985009110086945
1992,Latvia,-14977.229666666699,51.2348061,14.88872,0.08417000000000001,41401.0,1.5892499999999998,40.677857096919396,0.5653273081903616
1993,Latvia,-14977.229666666699,51.34413789,12.71912,0.08421999999999999,45664.0,0.3273333333333334,40.420605826741294,0.6621527275471887
1994,Latvia,-14977.229666666699,51.45346968,11.37569,0.0781,43662.0,0.6411666666666666,40.8386391407808,0.6865517608162669
1995,Latvia,-14977.229666666699,51.56280147,9.72532,0.07833000000000001,46117.0,1.1975,29.4552704353978,0.8054233691025079
1996,Latvia,-14977.229666666699,51.67213326,9.65372,0.10036,36565.0,-0.3471666666666668,30.130555019615397,1.0395992425717755
1997,Latvia,-14977.229666666699,51.78146505,9.0352,0.1006,48027.0,0.9091666666666668,28.4905781722297,1.1134230564901717
1998,Latvia,-14977.229666666699,51.89079684,8.47113,0.09149,49988.0,0.6735833333333335,28.1207794713486,1.0800212014217703
1999,Latvia,-14977.229666666699,52.00012863,7.86638,0.09172,41184.0,1.751666666666667,25.9984564923789,1.1659746922981091
2000,Latvia,-14977.229666666699,52.10946042,7.212510000000001,0.08259999999999999,42629.0,2.142333333333333,25.532188565181,1.1452323809603033
2001,Latvia,-16189.803373333301,52.32027783,8.22374,0.08283,50702.0,1.1983333333333337,25.419641134478105,1.007205967114719
2002,Latvia,-16189.803373333301,52.53109525,8.28565,0.08616,37841.0,1.6032500000000005,25.644735995883998,1.039870136923476
2003,Latvia,-16189.803373333301,52.74191266,8.46669,0.1237,41723.0,0.9373333333333332,25.435719338864196,1.4610195956152876
2004,Latvia,-16189.803373333301,52.95273008,8.54444,0.15091000000000002,44755.0,1.0323333333333329,26.4004116020323,1.7661777717439646
2005,Latvia,-16189.803373333301,53.1635475,8.84333,0.1819,42216.0,1.0845833333333337,27.879606405556608,2.056917473395203
2006,Latvia,-16189.803373333301,53.37436491,9.15785,0.20416,34558.0,1.5875833333333336,29.82506913627889,2.22934422380799
2007,Latvia,-16189.803373333301,53.58518233,9.47096,0.24661999999999998,48579.0,1.9437500000000003,29.567817866100697,2.603959894245145
2008,Latvia,-16189.803373333301,53.79599974,9.17153,0.29698,47873.0,2.312583333333333,29.3427230046948,3.2380638781097595
2009,Latvia,-16189.803373333301,54.02071406,8.66245,0.31087,47927.0,1.2291666666666667,29.4789321325185,3.58870758272775
2010,Latvia,-16189.803373333301,54.17930591,9.73363,0.35678000000000004,54298.0,0.3643333333333334,29.0006426735219,3.6654362247178085
2011,Latvia,-5628.83317333333,54.2762701,8.86628,0.35808,42132.0,1.8616666666666664,29.196141479099694,4.038672363155687
2012,Latvia,-5628.83317333333,54.35587005,8.663739999999999,0.36425,48495.0,0.8032499999999999,29.607590865229998,4.204304376631802
2013,Latvia,-5628.83317333333,54.40926194,8.50815,0.37693000000000004,40641.0,1.6103333333333332,30.181701238141198,4.43022278638717
2014,Latvia,-5628.83317333333,54.51522369,8.269860000000001,0.33674000000000004,44792.625,2.0614166666666667,30.1255230125523,4.071894808376442
2015,Latvia,-5628.83317333333,54.58619025,8.41798,0.32884,44792.625,2.4555000000000007,30.331562852084303,3.906400347826913
2016,Latvia,-5710.59148,54.65727624,8.60384,0.3743,44792.625,1.70775,31.084996780425,4.350383084762153
2017,Latvia,-5710.59148,54.72838512,8.48845,0.43083999999999995,44792.625,1.52975,31.1222025438738,5.0756027307694564
2018,Latvia,-5710.59148,54.80834273,8.45818,0.47064,44792.625,2.1375,31.212755677242694,5.5643176191568395
2019,Latvia,-5710.59148,52.968394302413806,9.06233,0.48285,44792.625,2.7289999999999988,30.01935940589525,5.328099947805918
2020,Latvia,-5710.59148,52.968394302413806,9.899848,0.229209,44792.625,3.3385,30.01935940589525,2.3152779719446195
1990,Lithuania,-4264.88333333333,31.03063178,36.46882,0.40707,52877.0,1.439215517241379,47.952294713178006,1.116213795785002
1991,Lithuania,-4264.88333333333,31.03063178,38.82845,0.48798,39381.0,1.439215517241379,47.952294713178006,1.256758897148869
1992,Lithuania,-4264.88333333333,31.26994257,22.32071,0.20162,40033.0,1.5249166666666667,54.068283343969405,0.9032866786047576
1993,Lithuania,-4264.88333333333,31.38959796,16.97194,0.11464,46422.0,0.325083333333333,53.17485641352899,0.6754678604802987
1994,Lithuania,-4264.88333333333,31.50925335,16.39782,0.12063,46553.0,0.8620000000000001,49.8723675813657,0.7356465676535052
1995,Lithuania,-4264.88333333333,31.62890874,15.65726,0.12367000000000004,46162.0,1.0884166666666666,54.403318442884505,0.7898572291703659
1996,Lithuania,-4264.88333333333,31.74856414,16.28643,0.10178,34230.0,-0.4801666666666666,54.4192724952138,0.6249374479244377
1997,Lithuania,-4264.88333333333,31.86821953,15.47822,0.09564,44206.0,0.7712500000000002,54.5149968091895,0.6179005079395434
1998,Lithuania,-4264.88333333333,31.98787492,16.269000000000002,0.0861,55600.0,0.73025,54.642629227823896,0.529227364927162
1999,Lithuania,-4264.88333333333,32.10753031,13.78671,0.07981,41700.0,1.7409999999999999,55.7753669432036,0.5788908303721484
2000,Lithuania,-4264.88333333333,32.22718571,12.23923,0.07614,39968.0,2.1614166666666663,54.5309508615188,0.6220979587768185
2001,Lithuania,-4761.1666666666715,32.46649649,13.0355,0.10455,50302.0,1.213,46.202935545628605,0.8020405814890108
2002,Lithuania,-4761.1666666666715,32.70580728,13.13153,0.09188,40737.0,1.765583333333333,46.0274409700064,0.6996899828123608
2003,Lithuania,-4761.1666666666715,32.94511806,13.13425,0.0965,40104.0,0.9016666666666668,40.53924696873009,0.7347202923653806
2004,Lithuania,-4761.1666666666715,33.18442884,13.75174,0.10842000000000004,44760.99755875,0.9135833333333334,41.54913848117421,0.7884093212931603
2005,Lithuania,-4761.1666666666715,33.42373963,14.7131,0.14287000000000002,44760.99755875,0.9655833333333332,45.261646458200396,0.9710394138556797
2006,Lithuania,-4761.1666666666715,33.66305041,15.03006,0.16043,39642.0,1.4160833333333336,44.522973835354215,1.0673942752058208
2007,Lithuania,-4761.1666666666715,33.9023612,16.40288,0.20197,51603.10156,1.9220833333333327,43.010529674537295,1.231308160518153
2008,Lithuania,-4761.1666666666715,34.14439569,15.71786,0.2338200000000001,43398.0,2.19125,42.6342241723175,1.4876070915506316
2009,Lithuania,-4761.1666666666715,34.38372557,13.5591,0.11254000000000003,46871.0,1.1455833333333336,42.903869166334296,0.8299960911859934
2010,Lithuania,-4761.1666666666715,34.62305544,14.535479999999998,0.14700000000000002,55033.0,0.4100833333333335,44.2329477463103,1.0113185116693775
2011,Lithuania,-12583.6883333333,34.67785685,14.91219,0.16882,44977.0,1.68,44.7697609854166,1.132093944618463
2012,Lithuania,-12583.6883333333,34.73210582,14.92004,0.192,51598.0,0.8243333333333333,45.348948527299996,1.2868598207511508
2013,Lithuania,-12583.6883333333,34.78579976,13.84459,0.21281,43152.0,1.4866666666666668,46.1332269644994,1.5371347219383167
2014,Lithuania,-12583.6883333333,34.85395052,13.3762,0.23607,41197.66016,1.9986666666666668,47.1252992817239,1.764851004022069
2015,Lithuania,-12583.6883333333,34.90822027,13.805270000000002,0.24662,38517.17969,2.4027500000000006,47.9792498004789,1.7864192442451323
2016,Lithuania,-6030.2102666666615,34.96056959,14.15036,0.28831,44760.99755875,1.7492500000000002,47.1552632419144,2.037474664955521
2017,Lithuania,-6030.2102666666615,35.05691161,14.4437,0.31913,44760.99755875,1.6056666666666668,46.8590859022046,2.2094754114250508
2018,Lithuania,-6030.2102666666615,35.0950024,14.71037,0.37998,44760.99755875,2.251416666666666,47.0541274149768,2.5830757486045557
2019,Lithuania,-6030.2102666666615,33.18313573172414,14.90916,0.37195,44760.99755875,2.9218333333333333,47.95229471317802,2.494775024213302
2020,Lithuania,-6030.2102666666615,33.18313573172414,16.426265666666662,0.19035833333333335,44760.99755875,3.248,47.95229471317802,1.1588655461698876
1990,Malta,-0.0001228107649853,1.09375,3.50034,0.19816,190.5200043,0.9716666666666668,40.625,5.661164344035151
1991,Malta,-0.0001228107649853,1.09375,3.4039300000000003,0.18724,175.0599976,0.023500000000000004,40.625,5.500700660706888
1992,Malta,-0.0001228107649853,1.09375,3.76476,0.24566,155.0599976,0.4971666666666667,40.625,6.525249949531975
1993,Malta,-0.0001228107649853,1.09375,4.60808,0.2518,149.47000119999996,0.5779166666666667,40.625,5.464314855644868
1994,Malta,-0.0001228107649853,1.09375,4.48268,0.31022,209.3800049,1.3957500000000005,40.625,6.920413681101484
1995,Malta,-0.0001228107649853,1.09375,4.31829,0.33174000000000003,219.94000240000003,0.5044166666666667,34.375,7.682207540484775
1996,Malta,-0.0001228107649853,1.09375,4.4767,0.32865999999999995,197.0299988,0.5532499999999999,34.375,7.3415685661313015
1997,Malta,-0.0001228107649853,1.09375,4.66179,0.34511,282.6600037,0.9636666666666668,31.25,7.402950368849734
1998,Malta,-0.0001228107649853,1.09375,4.7294,0.33161,108.5500031,0.7063333333333331,28.125,7.011671670825052
1999,Malta,-0.0001228107649853,1.09375,4.9945900000000005,0.34024,227.1100006,1.383916666666667,28.125,6.81217076877181
2000,Malta,-0.0001228107649853,1.09375,5.01157,0.32735000000000003,142.7400055,1.1551666666666671,28.125,6.531885217606459
2001,Malta,-0.0004494624702047,1.09375,5.22504,0.27644,106.8700027,1.43825,31.25,5.290677200557316
2002,Malta,-0.0004494624702047,1.09375,5.68469,0.25595999999999997,143.5,1.0860833333333333,31.25,4.502620195648311
2003,Malta,-0.0004494624702047,1.09375,6.10335,0.25696,284.5799866000001,1.3095,32.5,4.210146886545914
2004,Malta,-0.0004494624702047,1.09375,6.2312400000000014,0.26276,145.8200073,0.7575,31.25,4.216817198503025
2005,Malta,-0.0004494624702047,1.09375,4.98968,0.26658999999999994,159.78999330000005,0.47025,29.0625,5.34282759615847
2006,Malta,-0.0004494624702047,1.09375,5.29509,0.26955,170.63000490000005,1.0549166666666667,28.75,5.090565032888959
2007,Malta,-0.0004494624702047,1.09375,5.67274,0.28296,196.0599976,1.182,29.0625,4.988065731903806
2008,Malta,-0.0004494624702047,1.09375,5.90423,0.29027,158.1999969,1.1985833333333331,29.0625,4.916305767221128
2009,Malta,-0.0004494624702047,1.09375,6.33654,0.2710400000000001,214.9900055,0.996,29.0625,4.277413225514241
2010,Malta,-0.0004494624702047,1.09375,7.4382899999999985,0.30465,162.13000490000005,0.9716666666666668,32.28125,4.09569941478485
2011,Malta,-0.0003049122811882,1.09375,7.027239999999999,0.31264000000000003,186.7700043,0.8314166666666667,32.28125,4.448972854207343
2012,Malta,-0.0003049122811882,1.09375,6.810230000000002,0.29804,164.08000180000005,1.2608333333333337,32.1875,4.376357333012247
2013,Malta,-0.0003049122811882,1.09375,6.5095800000000015,0.31335,151.53999330000005,1.2165833333333331,31.96875,4.813674614952116
2014,Malta,-0.0003049122811882,1.09375,6.7870300000000015,0.33223,159.36999509999995,1.4861666666666669,31.96875,4.895071923949061
2015,Malta,-0.0003049122811882,1.09375,7.18953,0.35044000000000003,175.1399994,1.3883333333333334,31.96875,4.874310281756944
2016,Malta,-0.0045348322608213,1.1875,7.23844,0.37561,178.3457697423077,1.6797500000000003,32.4375,5.189101519111853
2017,Malta,-0.0045348322608213,1.3125,8.911439999999997,0.4280100000000001,178.3457697423077,1.0254166666666664,32.4375,4.802927473001
2018,Malta,-0.0045348322608213,1.4375,9.17084,0.47234,178.3457697423077,1.4866666666666666,32.4375,5.150455138242516
2019,Malta,-0.0045348322608213,1.1163793103448276,9.46112,0.5155299999999999,178.3457697423077,1.0160833333333334,32.71443965517241,5.44893205032808
2020,Malta,-0.0045348322608213,1.1163793103448276,5.8646156666666664,0.31110533333333323,178.3457697423077,1.2096666666666671,32.71443965517241,5.3047863835578415
1990,Netherlands,-598.011333333333,10.22896919,202.27587,4.6891300000000005,24940.0,1.4645,59.419431279620895,2.3181855552024078
1991,Netherlands,-598.011333333333,10.27094194,211.76487000000003,4.98369,24344.0,0.26341666666666663,58.975118483412295,2.353407342775976
1992,Netherlands,-598.011333333333,10.31291469,212.28534,5.802569999999999,32538.0,1.2165,58.8270142180095,2.7333823428410082
1993,Netherlands,-598.011333333333,10.35488744,211.52613,6.339519999999999,31586.0,0.3478333333333333,58.8862559241706,2.9970387110093677
1994,Netherlands,-598.011333333333,10.39686019,213.33348,6.6745899999999985,31376.500390799996,1.4176666666666666,58.382701421801,3.12871191151056
1995,Netherlands,-598.011333333333,10.43883294,215.19312,7.68094,29810.0,1.0763333333333336,58.175355450237,3.569324149396598
1996,Netherlands,-598.011333333333,10.48080569,226.26571,8.244720000000001,23830.0,-0.7215833333333332,58.6789099526066,3.6438221239974893
1997,Netherlands,-598.011333333333,10.52277844,222.62192,8.88879,26520.0,0.9612499999999998,58.2345971563981,3.9927739370858
1998,Netherlands,-598.011333333333,10.56475118,224.10618,9.37995,39410.0,1.0188333333333337,58.441943127962105,4.185493679826232
1999,Netherlands,-598.011333333333,10.60672393,220.47339,9.94307,32240.0,1.6219999999999999,58.264218009478704,4.5098730508928995
2000,Netherlands,-598.011333333333,10.64869668,223.83058,9.93484,33510.0,1.6640000000000004,57.938388625592395,4.438553480940808
2001,Netherlands,-838.6590666666658,10.69010664,232.62159,9.67372,35710.0,1.055833333333333,57.1978672985782,4.158564989603931
2002,Netherlands,-838.6590666666658,10.73151659,232.00353,10.084740000000002,33280.0,1.5568333333333333,57.7310426540284,4.346804550775586
2003,Netherlands,-838.6590666666658,10.77292654,232.45804,9.95064,25382.30078,1.3148333333333333,56.9609004739336,4.2806176977143915
2004,Netherlands,-838.6590666666658,10.81433649,238.90703,10.64633,34044.69922,1.0819166666666666,57.742890995260716,4.4562648491339925
2005,Netherlands,-838.6590666666658,10.85574645,238.61186,10.96074,31153.5,1.2860833333333332,57.396327014217995,4.593543673814033
2006,Netherlands,-838.6590666666658,10.8971564,237.28488,11.10373,30417.59961,1.74825,56.8601895734597,4.679493274076292
2007,Netherlands,-838.6590666666658,10.93856635,238.44119,11.17595,36558.69922,1.852083333333333,56.706161137440795,4.6870886695373395
2008,Netherlands,-838.6590666666658,10.9799763,239.38699,11.32839,32924.10156,1.3122500000000004,57.14751184834121,4.732249651495263
2009,Netherlands,-838.6590666666658,11.03118885,227.54971,10.49903,29895.5,1.1933333333333336,56.845538096649896,4.6139500683169405
2010,Netherlands,-838.6590666666658,11.07263564,236.81075,10.24894,32450.59961,-0.23875,55.508449451526786,4.327903188516568
2011,Netherlands,-725.0388200000011,11.02461447,227.43113,10.66986,31397.19922,1.6987500000000002,55.11269276393829,4.69146857776242
2012,Netherlands,-725.0388200000011,10.97330961,219.57499,10.25281,34987.0,1.0088333333333332,54.6174377224199,4.669388804253162
2013,Netherlands,-725.0388200000011,10.93173048,217.97991,10.47242,30496.90039,0.5449166666666666,54.84119916889279,4.80430513068842
2014,Netherlands,-725.0388200000011,10.88037993,210.7372,10.86753,31678.160160000003,2.4519166666666665,54.588898783021705,5.156911072178998
2015,Netherlands,-725.0388200000011,10.83546184,216.91204,11.4107,35308.25,1.6695833333333336,54.8262548262548,5.260519425293313
2016,Netherlands,-558.5871866666661,10.86308286,215.06713,11.70571,31376.500390799996,1.5624166666666668,53.905553905553894,5.442816854439821
2017,Netherlands,-558.5871866666661,10.89100089,212.3649,12.04636,31376.500390799996,1.7120833333333332,54.024354024354,5.67248165775041
2018,Netherlands,-558.5871866666661,10.91862192,207.45889,12.19042,31376.500390799996,2.2295,54.113454113454104,5.876065373722958
2019,Netherlands,-558.5871866666661,10.721707605517242,203.47719,11.921550000000002,31376.500390799996,2.127333333333333,56.90864336209021,5.858912244659955
2020,Netherlands,-558.5871866666661,10.721707605517242,222.2918513333333,9.659046000000002,31376.500390799996,2.444583333333333,56.90864336209021,4.34520921125263
1990,Poland,-26691.133333333306,28.9986614,378.71278,0.7027399999999999,203124.9063,1.6098333333333334,61.35688399882461,0.18556014930364906
1991,Poland,-26691.133333333306,29.05644977,374.98305,0.7155,188991.7969,0.3615833333333333,61.2262888112573,0.19080862454982966
1992,Poland,-26691.133333333306,29.11423814,366.22189,0.7661100000000001,170659.2031,1.1921666666666666,61.1936400143655,0.2091928475384145
1993,Poland,-26691.133333333306,29.17202651,366.58439,0.7691600000000001,189576.2031,0.25499999999999995,61.102223383068285,0.20981799034050524
1994,Poland,-26691.133333333306,29.22981488,361.66091,0.7972299999999999,201489.2031,1.3200833333333333,61.076104345554896,0.22043576675178966
1995,Poland,-26691.133333333306,29.28760325,364.10537,0.8478399999999999,205053.7031,0.6716666666666663,60.7985895719743,0.23285567032422508
1996,Poland,-26691.133333333306,29.34539162,379.00752,0.98358,192546.7031,-0.8055833333333332,60.3153873779751,0.25951463970952343
1997,Poland,-26691.133333333306,29.40317999,369.00836,0.8888800000000001,198987.9063,0.4075,60.259884423259,0.24088343147564464
1998,Poland,-26691.133333333306,29.46096836,341.02758,0.89844,220093.5,0.7716666666666666,60.2141761076104,0.2634508329209034
1999,Poland,-26691.133333333306,29.51875673,331.45513,0.80074,199832.0,1.4236666666666664,60.188057070096995,0.24158322726819764
2000,Poland,-26691.133333333306,29.5765451,319.40159,0.8511899999999999,197268.0,2.0025,60.1162297169349,0.2664952294069669
2011,Poland,-40078.8666666667,30.52346276,336.24909,1.50653,215247.0938,1.409,48.261110929693395,0.44803987424917635
2012,Poland,-40078.8666666667,30.58389393,328.6741,1.6664100000000002,195767.2969,0.9769166666666664,47.446280451962615,0.5070098313192308
2013,Poland,-40078.8666666667,30.64432906,324.57222,1.6233600000000001,210119.2031,1.0405,47.05920773325499,0.5001537100125205
2014,Poland,-40078.8666666667,30.70577093,312.44294,1.82935,199957.2031,2.2310000000000003,47.1080048336001,0.585498907416503
2015,Poland,-40078.8666666667,30.76521114,315.9013700000001,1.99844,155713.2969,2.2776666666666663,46.9349096965936,0.6326151735271042
2016,Poland,-45790.8,30.81420033,326.9219,2.11835,199680.0547,1.7470000000000006,46.9447075345374,0.6479682150385153
2017,Poland,-45790.8,30.85339168,341.01806,2.62852,199680.0547,1.5519166666666664,47.2321107808877,0.7707861571906192
2018,Poland,-45790.8,30.89460104,340.82163,3.11059,199680.0547,2.3705833333333333,47.39850409903,0.9126738816430165
2019,Poland,-45790.8,29.950152771379305,323.58178,3.32228,199680.0547,2.7702499999999994,54.110350349917574,1.026720354897609
2020,Poland,-45790.8,29.950152771379305,338.86312433333336,1.3524936666666667,199680.0547,2.5740000000000003,54.110350349917574,0.39912683604257976
1990,Portugal,-1886.885,37.14754098,48.35459,1.71049,93571.0,1.1034166666666667,43.3114754098361,3.5373891082521847
1991,Portugal,-1886.885,37.01857923,50.17885,1.74016,50400.0,0.5676666666666667,42.8415300546448,3.4679152670896203
1992,Portugal,-1886.885,36.88961749,54.1026,1.84015,63900.0,0.4616666666666666,42.3825136612022,3.4012228617478644
1993,Portugal,-1886.885,36.76065574,52.3123,1.7420099999999998,82000.0,-0.19408333333333336,43.2677595628415,3.330019899717657
1994,Portugal,-1886.885,36.63169399,53.05328000000001,1.7643799999999998,57500.0,0.7436666666666666,43.1912568306011,3.3256756226947695
1995,Portugal,-1886.885,36.50273224,57.48324,1.84888,58737.0,1.73775,42.885245901639294,3.216380983396204
1996,Portugal,-1886.885,36.37377049,54.8102,1.83454,111270.0,0.6690833333333334,40.7650273224044,3.3470777337065
1997,Portugal,-1886.885,36.24480874,57.735380000000006,1.89261,107298.0,1.623916666666667,39.1475409836066,3.2780766316944647
1998,Portugal,-1886.885,36.11584699,62.3886,2.01665,61773.0,1.0390000000000001,40.683060109289606,3.232401432312954
1999,Portugal,-1886.885,35.98688525,70.56492,2.22257,72866.0,0.7311666666666667,42.2185792349727,3.1496811730247836
2000,Portugal,-1886.885,35.8579235,69.55570999999999,2.32206,71207.0,0.7718333333333334,43.2391256830601,3.338417507347708
2001,Portugal,-164.49766666666702,35.82622951,68.57556,2.28688,131785.0,0.9099166666666666,42.11825136612021,3.3348324096806508
2002,Portugal,-164.49766666666702,35.79453552,73.0299,2.20567,52427.0,0.9560833333333334,42.37945355191261,3.0202287008471873
2003,Portugal,-164.49766666666702,35.76284153,68.42694,2.37351,80606.0,1.2919999999999998,41.67956284153011,3.468677687472215
2004,Portugal,-164.49766666666702,35.73114754,71.68427,2.57344,61516.0,0.9481666666666664,42.2908196721311,3.5899647161085695
2005,Portugal,-164.49766666666702,35.71116213,73.75695999999998,2.66873,35188.0,0.9968333333333332,41.804854050508396,3.618275482069761
2006,Portugal,-164.49766666666702,35.67945775,69.24457,2.79577,66782.0,1.525666666666667,41.080791516344206,4.037529585352325
2007,Portugal,-164.49766666666702,35.64775336,66.98942,2.9260200000000003,76685.0,0.75825,40.023176997922796,4.367883764331741
2008,Portugal,-164.49766666666702,35.61604898,64.92175999999999,2.98718,52684.10156,0.6107499999999999,40.7331365475019,4.601199967468535
2009,Portugal,-164.49766666666702,35.53772246,61.59105,2.79712,45418.19922,1.4883333333333333,40.3491647559777,4.541439056486292
2010,Portugal,-164.49766666666702,35.50605961,57.48811,3.03816,79650.0,1.11425,39.8970411616989,5.284849336671531
2011,Portugal,-1112.5839999999996,35.63707828,56.67992,3.10236,70534.5,1.6265833333333333,39.8445245114095,5.473472792481005
2012,Portugal,-1112.5839999999996,35.76809695,55.0194,3.12717,71990.80912636365,0.8240833333333333,40.0088437602358,5.6837588196163535
2013,Portugal,-1112.5839999999996,35.8931589,53.2874,3.16169,71990.80912636365,0.8683333333333332,40.402728229401795,5.933278786354748
2014,Portugal,-1112.5839999999996,36.02399853,53.08371,3.34289,71990.80912636365,1.3262500000000002,39.996244771062,6.297393305780624
2015,Portugal,-1112.5839999999996,36.15499489,57.62204000000001,3.50735,71990.80912636365,1.66475,39.72224405494861,6.086820251417686
2016,Portugal,0.0,36.15499489,56.35475,3.81399,71990.80912636365,1.5495,39.506645881911204,6.767823475394709
2017,Portugal,0.0,36.15499489,61.79458,4.33739,71990.80912636365,2.03825,39.1657431423406,7.019046006947535
2018,Portugal,0.0,36.15499489,58.40563,4.61831,71990.80912636365,0.9825833333333336,39.01497288375379,7.907302772010164
2019,Portugal,0.0,36.07880431896552,55.22151,4.8630200000000015,71990.80912636365,1.3083333333333331,41.17073498106241,8.806387221211446
2020,Portugal,0.0,36.07880431896552,60.45723833333332,2.715371666666667,71990.80912636365,1.8749166666666663,41.17073498106241,4.491392166634143
1990,Romania,4.1725882008828795e-12,27.77850447,190.61636,0.81503,113000.0,1.104,64.3950294310007,0.42757610102301824
1991,Romania,4.1725882008828795e-12,27.7630088,151.30181000000005,0.58435,170000.0,-0.2630833333333333,64.4905430140329,0.3862148113099241
1992,Romania,4.1725882008828795e-12,27.76082977,145.79311,0.8652200000000001,116000.0,0.4915833333333333,64.4556785496383,0.5934574000101925
1993,Romania,4.1725882008828795e-12,27.75865075,134.67453,0.8839899999999999,137000.0,-0.10825,64.4687527237863,0.6563898905011957
1994,Romania,4.1725882008828795e-12,27.75042482,125.83924,0.6020099999999999,123000.0,1.5764166666666668,64.4764933989804,0.4783960869439452
1995,Romania,4.1725882008828795e-12,27.75066452,128.4413,0.6546,147000.0,0.2906666666666668,64.4777550220053,0.5096491549057818
1996,Romania,4.1725882008828795e-12,27.74485884,131.09051000000002,0.31434,151000.0,-0.35758333333333336,64.40397350993379,0.239788524737603
1997,Romania,4.1725882008828795e-12,27.7414717,119.43644,0.4453200000000001,171000.0,-0.3080833333333333,64.4708752668496,0.3728510327333937
1998,Romania,4.1725882008828795e-12,27.73204408,107.892,0.39112,170000.0,0.3792500000000001,64.2318916329108,0.36251065880695515
1999,Romania,4.1725882008828795e-12,27.72865854,91.67776,0.47781999999999997,170000.0,1.0596666666666668,64.3771777003484,0.5211951077338713
2000,Romania,4.1725882008828795e-12,27.713203600000003,95.74361,0.45527,102000.0,1.4775833333333337,64.6772016890862,0.47550954053226113
2001,Romania,-3278.0,27.778068,100.82709,0.40091,170000.0,0.9116666666666666,64.420356101171,0.39762131387507066
2002,Romania,-3278.0,27.82355244,101.18592,0.34205,155000.0,1.3643333333333336,64.46252229521029,0.3380411029518732
2003,Romania,-3278.0,27.87866928,106.13723,0.41754,131000.0,0.4261666666666666,64.3618177864753,0.3933963605419135
2004,Romania,-3278.0,27.9373913,105.29348,0.6025,167000.0,0.6782499999999999,61.4347826086956,0.572210169138678
2005,Romania,-3278.0,28.004609100000003,102.81101,0.56618,206000.0,0.25216666666666665,61.6575354378642,0.5506997742751483
2006,Romania,-3278.0,28.06939734,106.01693,0.6568999999999999,162500.0,0.6299166666666666,61.0444386468388,0.6196180176128472
2007,Romania,-3278.0,28.14519988,104.65207,0.61098,174000.0,1.90275,59.2892252816564,0.583820272260262
2008,Romania,-3278.0,28.20878643,102.38769,0.6421399999999999,158000.0,1.5874999999999997,59.304045237059604,0.6271652383211301
2009,Romania,-3278.0,28.25393376,84.06523,0.6977399999999999,156000.0,1.5363333333333336,59.206294010258205,0.829998323920603
2010,Romania,-3278.0,28.31993045,80.64919,0.8303299999999999,201750.0,1.0493333333333332,61.5344490328189,1.029557767412171
2016,Romania,-28562.1812666667,30.11582928,77.88895,0.95355,155065.04627692307,1.605666666666666,58.7665159944367,1.224242976699519
2017,Romania,-28562.1812666667,30.11582928,81.01547,1.1532,155065.04627692307,1.5499166666666666,58.1449930458971,1.4234318457943897
2018,Romania,-28562.1812666667,30.11582928,81.14236,0.57738,155065.04627692307,2.0894166666666663,58.3014603616134,0.7115642187385234
2019,Romania,-28562.1812666667,28.365716445862066,77.50605,0.65037,155065.04627692307,2.5635833333333333,62.14114154587273,0.8391215911532067
2020,Romania,-28562.1812666667,28.365716445862066,104.94358066666665,0.6308553333333333,155065.04627692307,2.3423333333333334,62.14114154587273,0.6011376106339705
1990,Slovenia,-9507.003,58.98709037,15.13183,0.04995,32099.5,1.4957097701149427,27.65660063278213,0.3300988710552524
1991,Slovenia,-9507.003,58.98709037,13.98324,0.02178,20126.0,1.4957097701149427,27.65660063278213,0.1557578930205017
1992,Slovenia,-9507.003,59.43396226,13.9061,0.03447,21503.59961,1.3405833333333332,28.003972194637495,0.2478768310309864
1993,Slovenia,-9507.003,59.65739821,14.28152,0.049530000000000005,18792.09961,0.7080833333333333,27.8053624627607,0.34681182395151217
1994,Slovenia,-9507.003,59.88083416,14.68156,0.05544,24286.0,1.9364166666666665,27.2591857000993,0.3776165475603411
1995,Slovenia,-9507.003,60.10427011,15.39964,0.05912000000000001,32672.5,0.7001666666666666,26.7130089374379,0.3839050783005318
1996,Slovenia,-9507.003,60.32770606,16.03991,0.055029999999999996,33856.89844,-0.1985833333333333,26.067527308838105,0.3430817255209038
1997,Slovenia,-9507.003,60.55114201,16.56219,0.05799,27413.40039,0.7957499999999998,24.5779543197617,0.3501348553542738
1998,Slovenia,-9507.003,60.77457795,16.08502,0.05263,31945.09961,1.0918333333333334,24.329692154915598,0.3271988471260838
1999,Slovenia,-9507.003,60.9980139,15.46497,0.062439999999999996,31323.09961,1.088,24.826216484607702,0.4037511873608549
2000,Slovenia,-9507.003,61.22144985,15.1119,0.07157999999999999,31780.09961,2.0709166666666667,25.719960278053602,0.4736664482957139
2001,Slovenia,-11895.4935,61.29096326,16.36613,0.08016000000000001,28645.0,1.2794166666666664,25.322740814299895,0.48979202780376313
2002,Slovenia,-11895.4935,61.36047666,16.62738,0.08256000000000001,29499.90039,1.86725,25.074478649453802,0.4965304215095825
2003,Slovenia,-11895.4935,61.42999007,16.32615,0.07887999999999999,23249.30078,1.4966666666666664,25.322740814299895,0.4831512634638295
2004,Slovenia,-11895.4935,61.49950348,16.7372,0.0591,32052.59961,0.7750833333333335,24.428997020854002,0.3531056568601677
2005,Slovenia,-11895.4935,61.56901688,17.03377,0.0636,28342.69922,0.4140833333333334,25.2730883813307,0.3733759467223052
2006,Slovenia,-11895.4935,61.63853029,17.31431,0.07249,24124.90039,1.2011666666666665,24.379344587884802,0.4186710299168723
2007,Slovenia,-11895.4935,61.70804369,17.565179999999998,0.09507,28656.0,1.952,24.7269116186693,0.5412412511571189
2008,Slovenia,-11895.4935,61.75854504,18.56489,0.10523,36444.0,1.7794166666666669,30.703556998342094,0.566822642094836
2009,Slovenia,-11895.4935,61.82926466,16.35829,0.07927999999999999,33588.0,1.64475,31.0297928104121,0.4846472339101458
2010,Slovenia,-11895.4935,61.89752906,16.56403,0.07469999999999999,35827.0,0.6429166666666665,30.9666339061461,0.4509772078413284
2011,Slovenia,-5092.03970000002,61.90807108,16.50669,0.07103,23127.0,1.711166666666667,30.8056189814355,0.430310377186462
2012,Slovenia,-5092.03970000002,61.91892066,15.96479,0.06811,30156.0,1.8108333333333333,30.368267173640003,0.4266263445995845
2013,Slovenia,-5092.03970000002,61.94637537,15.37904,0.07422999999999999,34848.0,1.4798333333333336,30.298411122144998,0.4826699195788553
2014,Slovenia,-5092.03970000002,61.95630586,13.79646,0.07341,39897.0,2.49475,30.528301886792498,0.5320930151647597
2015,Slovenia,-5092.03970000002,61.95823776,13.90341,0.07612000000000001,29370.2278908,2.245,30.6062772432556,0.5474915865963819
2016,Slovenia,-965.265473333331,61.85929898,14.882279999999998,0.0626,29370.2278908,1.90475,30.6563399860987,0.4206344726748859
2017,Slovenia,-965.265473333331,61.76997829999999,15.16524,0.07537999999999999,29370.2278908,1.8429166666666663,30.5411136105194,0.497057745212077
2018,Slovenia,-965.265473333331,61.67438072,15.32206,0.10342,29370.2278908,2.489583333333333,30.392721638425893,0.6749745138708503
2019,Slovenia,-965.265473333331,61.09989541620689,14.69633,0.0792,29370.2278908,2.577916666666667,27.656600632782123,0.5389100544149458
2020,Slovenia,-965.265473333331,61.09989541620689,15.724050333333333,0.068151,29370.2278908,2.2329166666666667,27.656600632782123,0.4334188619043469
1990,Spain,-43068.96517,27.84050136,247.59396,6.3958900000000005,350914.0,1.14275,61.0123338138715,2.583217296577025
1991,Spain,-43068.96517,28.47907056,258.53436,7.06205,283594.0,0.37775,60.81010732019861,2.731571153636987
1992,Spain,-43068.96517,29.11763976,268.13181000000003,7.782089999999998,297073.0,0.37875,60.6259010091302,2.9023374734985743
1993,Spain,-43068.96517,29.75620895,257.85202000000004,7.6547,301415.0,-0.0039166666666666785,60.1333493512734,2.9686406955431255
1994,Spain,-43068.96517,30.39477815,269.66811,8.14355,276268.0,1.1188333333333331,60.43368572801539,3.019841686137823
1995,Spain,-43068.96517,31.03334735,284.28042,8.91514,261536.0,1.52925,59.5046452026269,3.1360372972574044
1996,Spain,-43068.96517,31.67191655,276.94334,9.67954,435200.0,0.6636666666666667,60.345587057504396,3.495133697744817
1997,Spain,-43068.96517,32.31048574,293.42771,10.3288,397312.0,1.5716666666666663,60.18540765657539,3.52004928232579
1998,Spain,-43068.96517,32.94905494,303.55864,10.98338,365853.0,1.067333333333333,59.9831811629025,3.6182070126549517
1999,Spain,-43068.96517,33.58762414,327.3259,11.99975,267982.0,0.89925,59.6227775108121,3.665994655479447
2000,Spain,-43068.96517,34.25637275,340.2338200000001,12.87213,397961.9063,0.9698333333333332,59.6513026052104,3.783318777657082
2001,Spain,-19600.324443333302,34.58050028,344.67605,13.11904,301785.9063,1.179083333333333,59.2152772205729,3.806194251094615
2002,Spain,-19600.324443333302,34.83530779,364.92473,12.62105,369899.4063,1.1401666666666668,58.9511862776531,3.4585351340809374
2003,Spain,-19600.324443333302,35.11418641,370.06835,13.241,373802.9063,1.4905000000000002,58.398269265439396,3.577987687950077
2004,Spain,-19600.324443333302,35.40705557,388.73625,14.67363,221456.2969,0.9811666666666669,58.2375095156056,3.774700712886951
2005,Spain,-19600.324443333302,35.70425174,406.74323,15.56075,313516.5,0.8465000000000001,58.434350517942704,3.825693669197641
2006,Spain,-19600.324443333302,36.00299812,399.3577,16.109180000000002,355746.8125,1.597416666666667,57.342979678544204,4.033772229757934
2007,Spain,-19600.324443333302,36.28442027,408.63526,17.10292,300643.0938,0.8463333333333333,56.1078720121817,4.185375486197643
2008,Spain,-19600.324443333302,36.59795108,377.93365,16.92801,305173.5938,0.8237499999999999,56.4194065757819,4.479095735455152
2009,Spain,-19600.324443333302,36.89928809,337.39627,15.44953,425689.9063,1.4591666666666665,56.090322063129214,4.579045879789957
2010,Spain,-19600.324443333302,37.08993820000001,323.51349,16.091739999999998,337988.4063,0.8700000000000001,55.088898222035596,4.974055332283052
2011,Spain,-8784.79888000002,37.10192046,326.10209,17.13642,246632.5938,1.6830833333333333,54.0409698327599,5.254924922437634
2012,Spain,-8784.79888000002,37.07977849,319.3038,16.129949999999994,422481.9063,1.0680833333333333,53.8613782211471,5.051599761731615
2013,Spain,-8784.79888000002,37.08211351,289.41058,15.84075,263370.5938,0.8489166666666667,53.44395353951339,5.4734522836034545
2014,Spain,-8784.79888000002,37.08444853,294.20398,16.401259999999994,328694.79314799997,1.6284999999999996,53.1336838527818,5.57479202014874
2015,Spain,-8784.79888000002,37.12753247,310.16863,17.021620000000002,344073.0,1.7335,53.1890621841609,5.487859942509338
2016,Spain,-15139.74902,37.14286858,301.0997700000001,18.86319,328694.79314799997,1.60775,52.5772473596977,6.264764001646363
2017,Spain,-15139.74902,37.15223392,313.51887,20.21588,328694.79314799997,1.9253333333333336,52.638713827628095,6.44805845338751
2018,Spain,-15139.74902,37.15664678,310.56433,21.36753,328694.79314799997,1.27675,52.408209711446,6.880226715025516
2019,Spain,-15139.74902,34.37380829448276,293.40598,22.111539999999998,328694.79314799997,1.5396666666666663,57.30646787228075,7.536158601811728
2020,Spain,-15139.74902,34.37380829448276,320.24377000000004,13.926733666666667,328694.79314799997,1.9123333333333328,57.30646787228075,4.348791443051855
1990,Sweden,-36230.909,68.38962811,61.04677,2.00798,349106.0,2.0175,8.31749281083979,3.289248554837545
1991,Sweden,-36230.909,68.41399815,61.44998,1.70134,278530.0,1.0529166666666665,8.18345762050982,2.768658346186606
1992,Sweden,-36230.909,68.43836818,61.33889,1.53532,312275.0,1.4095000000000002,8.14933957206219,2.50301236295603
1993,Sweden,-36230.909,68.46273822,61.62664,1.8117,312275.0,0.5377500000000002,8.17858361358873,2.939800060493319
1994,Sweden,-36230.909,68.48710825,64.71929,1.9639,282580.0,0.52225,8.17858361358873,3.034489408026571
1995,Sweden,-36230.909,68.51147829,64.21087,2.05906,323845.0,0.7085833333333337,7.96169030560023,3.2067156230712963
1996,Sweden,-36230.909,68.53584832,68.37069,2.0792200000000003,253780.0,-0.015083333333333318,8.03480040941658,3.041098459003413
1997,Sweden,-36230.909,68.56021836,64.07646,2.21412,284380.0,1.24875,7.94219427791587,3.4554343357919586
1998,Sweden,-36230.909,68.58458839,65.41064,2.33998,372570.0,0.5445000000000001,7.87395818102062,3.577369064115563
1999,Sweden,-36230.909,68.60895842,62.70613,2.57784,322170.0,1.222,7.78378905298046,4.11098564047885
2000,Sweden,-36230.909,68.63332846,61.46168,2.56972,424479.0,2.059333333333333,7.6838719110981115,4.1810116482335005
2001,Sweden,-51833.485,68.61139543,62.22514,2.49588,369682.0,0.7880833333333334,7.6863089145586585,4.011047624802451
2002,Sweden,-51833.485,68.5894624,62.3636,2.21165,307074.0,1.4215833333333334,7.72530096992738,3.5463796188802443
2003,Sweden,-51833.485,68.56752937,64.36799,2.1486099999999997,308014.0,1.3438333333333332,7.70824194570356,3.3380100885548853
2004,Sweden,-51833.485,68.54559633,64.78936,2.43874,339172.0,1.28825,7.759419018375009,3.764105711184676
2005,Sweden,-51833.485,68.5236633,62.44793000000001,2.59815,334552.0,1.6666666666666667,7.83740312911244,4.160506200926116
2006,Sweden,-51833.485,68.50173027,62.76849,2.6292,360630.0,1.9469999999999998,7.70824194570356,4.18872590371379
2007,Sweden,-51833.485,68.47979724,62.15511,2.7995900000000002,340484.0,1.7444999999999995,7.644879855729389,4.504199252483023
2008,Sweden,-51833.485,68.45786421,60.13018,3.0463,357745.0,1.854,7.53765170346542,5.066174756170694
2009,Sweden,-51833.485,68.43593118,56.57345,2.58141,340066.0,1.1634999999999998,7.503533655017789,4.562935440564434
2010,Sweden,-51833.485,68.41399815,62.07115,2.5876400000000004,335750.0,-0.6522499999999999,7.51815567578106,4.168828835940691
2011,Sweden,-54856.0833333333,68.36866988,57.26873000000001,2.7992799999999995,381114.0,2.1099166666666664,7.47185261003071,4.8879728955051025
2012,Sweden,-54856.0833333333,68.82653312,54.43183000000001,2.68075,397478.0,0.7508333333333334,7.48416556193843,4.924967615455882
2013,Sweden,-54856.0833333333,68.78087102,52.61529,2.75787,311389.0,1.4773333333333334,7.48244709579221,5.2415752151133255
2014,Sweden,-54856.0833333333,68.74027154,51.20472,2.78483,337479.0,2.5148333333333337,7.4456801944464885,5.43861972099447
2015,Sweden,-54856.0833333333,68.69460607,51.52062,2.67131,379573.0,2.3156666666666665,7.4631116348727,5.184933721682698
2016,Sweden,-44979.5866666667,68.69460607,52.10208,3.07289,335238.1538461539,1.7787499999999998,7.44273403550122,5.89782596011522
2017,Sweden,-44979.5866666667,68.69460607,52.62757,3.29821,335238.1538461539,1.4509166666666669,7.41695514473006,6.267076363206586
2018,Sweden,-44979.5866666667,68.69460607,50.52879,3.31006,335238.1538461539,1.858666666666667,7.387493555277309,6.5508396302385234
2019,Sweden,-44979.5866666667,68.56027582310345,50.43809,3.11377,335238.1538461539,1.7385,7.741770276364982,6.173449470429986
2020,Sweden,-44979.5866666667,68.56027582310345,59.63493866666667,2.496210666666667,335238.1538461539,3.013833333333333,7.741770276364982,4.18581912294636
1990,Belgium,-5183.70343333333,23.25411335,136.74563999999998,3.13991,25962.80078,1.4807222222222223,43.9670932358318,2.2961682727142163
1991,Belgium,-5183.70343333333,23.22608166,139.33392,2.5161200000000004,23604.19922,1.4807222222222223,43.3577087141987,1.805820147742919
1992,Belgium,-5183.70343333333,23.19804997,138.31848,2.52679,29019.90039,1.4807222222222223,44.8202315661182,1.8267913296907257
1993,Belgium,-5183.70343333333,23.17001828,137.7917,2.54179,28955.69922,1.4807222222222223,45.1858622790981,1.844661180608121
1994,Belgium,-5183.70343333333,23.14198659,141.57775,2.55903,28818.40039,1.4807222222222223,45.460085313833,1.8075085951005716
1995,Belgium,-5183.70343333333,23.11395491,141.81694,2.92125,28959.0,1.4807222222222223,45.551492992077996,2.059873806330894
1996,Belgium,-5183.70343333333,23.08592322,148.72298,3.37989,21763.40039,1.4807222222222223,45.734308348568,2.272607770500564
1997,Belgium,-5183.70343333333,23.05789153,145.31127,3.64288,24767.30078,1.4807222222222223,46.0085313833029,2.5069493921565753
1998,Belgium,-5183.70343333333,23.02985984,152.84625,4.11158,32805.30078,1.4807222222222223,46.2522851919561,2.6900103862541607
1999,Belgium,-5183.70343333333,23.00182815,144.27443,4.63443,31153.80078,1.4807222222222223,46.3436928702011,3.2122324101367097
2000,Belgium,-5183.70343333333,22.03764861,147.61139,4.70739,32397.0,1.59,45.89167767503299,3.1890425257834103
2001,Belgium,-3224.37148,22.11218626,146.62076000000005,4.25825,34093.80078,1.0781666666666667,45.79920739762221,2.9042613065162115
2002,Belgium,-3224.37148,22.18672391,153.27196,3.5468,33598.80078,1.5710833333333334,45.875165125495386,2.3140566611140096
2003,Belgium,-3224.37148,22.26126156,155.30801,3.8657,23040.09961,1.5079166666666668,45.97754293262879,2.489053848542648
2004,Belgium,-3224.37148,22.33579921,157.03207,3.76643,28408.09961,0.9851666666666667,45.947820343461,2.398510062307655
2005,Belgium,-3224.37148,22.41033686,154.42927,3.58681,26028.30078,1.2283333333333333,45.673712021136105,2.3226231659322094
2006,Belgium,-3224.37148,22.4848745,155.17033999999995,3.7302400000000007,29325.69922,1.6235,45.57463672391021,2.403964572095416
2007,Belgium,-3224.37148,22.55941215,155.24318,4.0346400000000004,31476.0,1.7087499999999995,45.1420079260238,2.59891610053337
2008,Belgium,-3224.37148,22.633949800000003,155.77982,4.3558900000000005,29484.59961,1.1595,45.0891677675033,2.7961837418993043
2009,Belgium,-3224.37148,22.70848745,134.56786,3.9702599999999997,26223.59961,1.1735,45.033025099075296,2.950377601308366
2010,Belgium,-3224.37148,22.783025100000003,143.60581000000005,4.19794,27567.0,-0.07250000000000005,44.772126816380386,2.9232382728804627
2011,Belgium,-4876.70986,22.77926024,131.59108999999998,4.4568699999999986,24047.0,1.85375,44.1116248348745,3.386908642522833
2012,Belgium,-4876.70986,22.77549538,126.28636000000002,4.10264,29829.0,1.033,43.9894319682959,3.248680221680314
2013,Belgium,-4876.70986,22.77173052,126.67838,3.88193,25848.0,0.5383333333333333,44.1380449141347,3.0643982027556715
2014,Belgium,-4876.70986,22.76796565,118.5078,4.06361,26544.0,2.3214166666666665,43.966314398943204,3.428981045973345
2015,Belgium,-4876.70986,22.76420079,124.31993,4.405669999999999,28148.8321092,1.7383333333333333,43.85733157199471,3.5438163454564355
2016,Belgium,0.0,22.76420079,125.9075,4.38817,28148.8321092,1.4686666666666668,44.61030383091151,3.4852332069177767
2017,Belgium,0.0,22.76420079,128.69876000000002,4.81074,28148.8321092,1.736416666666667,43.824306472919396,3.7379847327200353
2018,Belgium,0.0,22.76420079,135.66212,5.15536,28148.8321092,2.2859166666666666,44.7159841479524,3.800147012297906
2019,Belgium,0.0,22.75671268482759,131.66707,5.18484,28148.8321092,2.0508333333333333,45.057611167706284,3.937841101803208
2020,Belgium,0.0,22.75671268482759,141.15662800000004,3.881461666666666,28148.8321092,2.515083333333333,45.057611167706284,2.7497551632266712
1990,Luxembourg,-557.460566666667,36.26380766631578,12.21782,0.39461999999999997,2332.0,1.5428214285714286,53.51825860948667,3.229872432234228
1991,Luxembourg,-557.460566666667,36.26380766631578,12.85546,0.41257,1717.0,1.5428214285714286,53.51825860948667,3.209297839206065
1992,Luxembourg,-557.460566666667,36.26380766631578,12.60833,0.399,2374.0,1.5428214285714286,53.51825860948667,3.1645745312820965
1993,Luxembourg,-557.460566666667,36.26380766631578,12.74901,0.39476,2348.0,1.5428214285714286,53.51825860948667,3.096397288887529
1994,Luxembourg,-557.460566666667,36.26380766631578,12.04261,0.5007600000000001,1993.0,1.5428214285714286,53.51825860948667,4.1582348012598604
1995,Luxembourg,-557.460566666667,36.26380766631578,9.71864,0.5675899999999999,2234.0,1.5428214285714286,53.51825860948667,5.84022044236642
1996,Luxembourg,-557.460566666667,36.26380766631578,9.81761,0.6166900000000001,2092.1454745454544,1.5428214285714286,53.51825860948667,6.2814676891830095
1997,Luxembourg,-557.460566666667,36.26380766631578,9.2909,0.73764,2092.1454745454544,1.5428214285714286,53.51825860948667,7.939381545383116
