Country_Name,Country_Code,Year,value_TA_perc
Austria,AUT,1990,36.6178251392589
Austria,AUT,1991,36.7752482441269
Austria,AUT,1992,36.4858319205619
Austria,AUT,1993,36.3162993460886
Austria,AUT,1994,36.256962945023
Austria,AUT,1995,36.099539840155
Austria,AUT,1996,36.0050859772342
Austria,AUT,1997,35.8997335916687
Austria,AUT,1998,35.8428190845241
Austria,AUT,1999,35.7859045773795
Austria,AUT,2000,35.604262533301
Austria,AUT,2001,35.312424315815
Austria,AUT,2002,35.1441026883023
Austria,AUT,2003,34.9386049891015
Austria,AUT,2004,34.7226931460402
Austria,AUT,2005,34.5943327682248
Austria,AUT,2006,34.4308549285541
Austria,AUT,2007,34.2718399573736
Austria,AUT,2008,34.0211678655332
Austria,AUT,2009,33.8467872799051
Austria,AUT,2010,33.6583061849802
Austria,AUT,2011,33.3971245503325
Austria,AUT,2012,33.1322528284517
Austria,AUT,2013,32.913693036556
Austria,AUT,2014,32.8902245434606
Austria,AUT,2015,32.9429229277751
Austria,AUT,2016,32.3578526417838
Austria,AUT,2017,32.1694134755211
Austria,AUT,2018,32.1477217644207
Belgium,BEL,1990,43.9670932358318
Belgium,BEL,1991,43.3577087141987
Belgium,BEL,1992,44.8202315661182
Belgium,BEL,1993,45.1858622790981
Belgium,BEL,1994,45.460085313833
Belgium,BEL,1995,45.551492992078
Belgium,BEL,1996,45.734308348568
Belgium,BEL,1997,46.0085313833029
Belgium,BEL,1998,46.2522851919561
Belgium,BEL,1999,46.3436928702011
Belgium,BEL,2000,45.891677675033
Belgium,BEL,2001,45.7992073976222
Belgium,BEL,2002,45.8751651254954
Belgium,BEL,2003,45.9775429326288
Belgium,BEL,2004,45.947820343461
Belgium,BEL,2005,45.6737120211361
Belgium,BEL,2006,45.5746367239102
Belgium,BEL,2007,45.1420079260238
Belgium,BEL,2008,45.0891677675033
Belgium,BEL,2009,45.0330250990753
Belgium,BEL,2010,44.7721268163804
Belgium,BEL,2011,44.1116248348745
Belgium,BEL,2012,43.9894319682959
Belgium,BEL,2013,44.1380449141347
Belgium,BEL,2014,43.9663143989432
Belgium,BEL,2015,43.8573315719947
Belgium,BEL,2016,44.6103038309115
Belgium,BEL,2017,43.8243064729194
Belgium,BEL,2018,44.7159841479524
Bulgaria,BGR,1990,55.6720600198861
Bulgaria,BGR,1991,55.6901382988339
Bulgaria,BGR,1992,55.6268643225165
Bulgaria,BGR,1993,55.3285727198771
Bulgaria,BGR,1994,55.6720600198861
Bulgaria,BGR,1995,55.7172557172557
Bulgaria,BGR,1996,55.7172557172557
Bulgaria,BGR,1997,56.0697821567387
Bulgaria,BGR,1998,51.0259423302901
Bulgaria,BGR,1999,51.3332730724035
Bulgaria,BGR,2000,50.4564765434331
Bulgaria,BGR,2001,49.6971888276236
Bulgaria,BGR,2002,48.9430147058824
Bulgaria,BGR,2003,48.9657074561
Bulgaria,BGR,2004,49.006987863185
Bulgaria,BGR,2005,48.4628129602356
Bulgaria,BGR,2006,47.7768572217619
Bulgaria,BGR,2007,47.1043182027438
Bulgaria,BGR,2008,46.9662093729859
Bulgaria,BGR,2009,46.3338246131172
Bulgaria,BGR,2010,46.5364775239499
Bulgaria,BGR,2011,46.8680913780398
Bulgaria,BGR,2012,47.1904937361828
Bulgaria,BGR,2013,46.0114222549742
Bulgaria,BGR,2014,45.8456153279293
Bulgaria,BGR,2015,46.1670965364775
Bulgaria,BGR,2016,46.2509211495947
Bulgaria,BGR,2017,46.3294030950626
Bulgaria,BGR,2018,46.3338246131172
Croatia,HRV,1990,28.1081187265526
Croatia,HRV,1991,28.1081187265526
Croatia,HRV,1992,42.9976748345555
Croatia,HRV,1993,40.6367376140225
Croatia,HRV,1994,41.3521731353962
Croatia,HRV,1995,41.709890896083
Croatia,HRV,1996,34.5659163987138
Croatia,HRV,1997,34.6730975348339
Croatia,HRV,1998,36.6302986943302
Croatia,HRV,1999,36.3441244857807
Croatia,HRV,2000,20.9086031121445
Croatia,HRV,2001,21.0695761044536
Croatia,HRV,2002,21.1232337685566
Croatia,HRV,2003,21.3915220890717
Croatia,HRV,2004,21.0150107219442
Croatia,HRV,2005,21.6404574696212
Croatia,HRV,2006,21.9799857040743
Croatia,HRV,2007,21.4796283059328
Croatia,HRV,2008,23.0360972122945
Croatia,HRV,2009,23.2237312365976
Croatia,HRV,2010,23.8348820586133
Croatia,HRV,2011,23.6972837741244
Croatia,HRV,2012,23.7848463187991
Croatia,HRV,2013,28.0075053609721
Croatia,HRV,2014,26.6566531189256
Croatia,HRV,2015,27.1638098603994
Croatia,HRV,2016,27.3193143664958
Croatia,HRV,2017,26.4534370030041
Croatia,HRV,2018,26.2237144371797
Cyprus,CYP,1990,17.3809523809524
Cyprus,CYP,1991,17.2294372294372
Cyprus,CYP,1992,17.2727272727273
Cyprus,CYP,1993,17.1753246753247
Cyprus,CYP,1994,15.5194805194805
Cyprus,CYP,1995,15.487012987013
Cyprus,CYP,1996,15.4978354978355
Cyprus,CYP,1997,15.3896103896104
Cyprus,CYP,1998,15.6060606060606
Cyprus,CYP,1999,15.6060606060606
Cyprus,CYP,2000,15.3138528138528
Cyprus,CYP,2001,15.1515151515152
Cyprus,CYP,2002,15.1515151515152
Cyprus,CYP,2003,16.6666666666667
Cyprus,CYP,2004,16.8831168831169
Cyprus,CYP,2005,18.0735930735931
Cyprus,CYP,2006,16.991341991342
Cyprus,CYP,2007,15.9307359307359
Cyprus,CYP,2008,12.5108225108225
Cyprus,CYP,2009,13.8095238095238
Cyprus,CYP,2010,12.3917748917749
Cyprus,CYP,2011,12.5865800865801
Cyprus,CYP,2012,12.6515151515152
Cyprus,CYP,2013,11.7781385281385
Cyprus,CYP,2014,11.7943722943723
Cyprus,CYP,2015,13.7099567099567
Cyprus,CYP,2016,11.8387445887446
Cyprus,CYP,2017,13.1406926406926
Cyprus,CYP,2018,14.1717532467532
Czech Republic,CZE,1990,52.94095485558171
Czech Republic,CZE,1991,52.94095485558171
Czech Republic,CZE,1992,52.94095485558171
Czech Republic,CZE,1993,55.4160735084768
Czech Republic,CZE,1994,55.441956774945
Czech Republic,CZE,1995,55.3901902420085
Czech Republic,CZE,1996,55.3901902420085
Czech Republic,CZE,1997,55.3901902420085
Czech Republic,CZE,1998,55.441956774945
Czech Republic,CZE,1999,55.4160735084768
Czech Republic,CZE,2000,55.3901902420085
Czech Republic,CZE,2001,55.3643069755403
Czech Republic,CZE,2002,55.2866571761356
Czech Republic,CZE,2003,55.2478322764333
Czech Republic,CZE,2004,55.2032099404608
Czech Republic,CZE,2005,55.1384933989128
Czech Republic,CZE,2006,55.0679611650485
Czech Republic,CZE,2007,55.0032362459547
Czech Republic,CZE,2008,54.9385113268608
Czech Republic,CZE,2009,54.873786407767
Czech Republic,CZE,2010,54.8161574313827
Czech Republic,CZE,2011,54.7514241325738
Czech Republic,CZE,2012,54.706720186456
Czech Republic,CZE,2013,45.5969955969956
Czech Republic,CZE,2014,45.5322455322455
Czech Republic,CZE,2015,45.2532055433234
Czech Republic,CZE,2016,45.1696451696452
Czech Republic,CZE,2017,45.6029011786038
Czech Republic,CZE,2018,45.6347150259067
Denmark,DNK,1990,65.7702288275537
Denmark,DNK,1991,65.3456003774475
Denmark,DNK,1992,64.9540419514495
Denmark,DNK,1993,64.5533820410087
Denmark,DNK,1994,63.4221069997643
Denmark,DNK,1995,64.2469950506717
Denmark,DNK,1996,64.0113127504124
Denmark,DNK,1997,63.3514023096865
Denmark,DNK,1998,62.9743106292717
Denmark,DNK,1999,62.3144001885458
Denmark,DNK,2000,62.3851048786236
Denmark,DNK,2001,63.0685835493754
Denmark,DNK,2002,62.8093330190903
Denmark,DNK,2003,62.6443554089088
Denmark,DNK,2004,62.3615366485977
Denmark,DNK,2005,63.7991986801791
Denmark,DNK,2006,63.8699033702569
Denmark,DNK,2007,62.7621965590384
Denmark,DNK,2008,62.880037709168
Denmark,DNK,2009,62.0787178882866
Denmark,DNK,2010,61.8901720480792
Denmark,DNK,2011,63.3985387697384
Denmark,DNK,2012,65.6
Denmark,DNK,2013,65.7
Denmark,DNK,2014,66.315775
Denmark,DNK,2015,65.847475
Denmark,DNK,2016,65.64075
Denmark,DNK,2017,65.782225
Denmark,DNK,2018,65.8
Estonia,EST,1990,22.899353896820486
Estonia,EST,1991,22.899353896820486
Estonia,EST,1992,32.41330502477
Estonia,EST,1993,31.1394196744515
Estonia,EST,1994,25.9731068648266
Estonia,EST,1995,23.378155225289
Estonia,EST,1996,23.7084217975938
Estonia,EST,1997,24.1330502476999
Estonia,EST,1998,24.6048596367068
Estonia,EST,1999,23.6140599197924
Estonia,EST,2000,23.2602028780373
Estonia,EST,2001,20.9955178108044
Estonia,EST,2002,16.4708657702288
Estonia,EST,2003,19.5494220334985
Estonia,EST,2004,18.1740976645435
Estonia,EST,2005,20.8044350082567
Estonia,EST,2006,21.1960368011323
Estonia,EST,2007,21.5758433592828
Estonia,EST,2008,21.3918376975702
Estonia,EST,2009,21.9815994338287
Estonia,EST,2010,22.3826374144845
Estonia,EST,2011,22.3165841000236
Estonia,EST,2012,22.550129747582
Estonia,EST,2013,22.1992178513918
Estonia,EST,2014,22.4062571888659
Estonia,EST,2015,22.8433402346446
Estonia,EST,2016,23.0733839429492
Estonia,EST,2017,23.0503795721187
Estonia,EST,2018,23.0963883137796
Finland,FIN,1990,7.85646278604025
Finland,FIN,1991,7.96086542565416
Finland,FIN,1992,7.90078466134804
Finland,FIN,1993,7.825929938606
Finland,FIN,1994,7.91851341147116
Finland,FIN,1995,7.36728060671723
Finland,FIN,1996,7.2819199579763
Finland,FIN,1997,7.05866903050002
Finland,FIN,1998,7.19655930923537
Finland,FIN,1999,7.22742046685709
Finland,FIN,2000,7.2819199579763
Finland,FIN,2001,7.2950523654749
Finland,FIN,2002,7.34101579172002
Finland,FIN,2003,7.37384681046653
Finland,FIN,2004,7.39682852358909
Finland,FIN,2005,7.46511704258183
Finland,FIN,2006,7.56568346979711
Finland,FIN,2007,7.54677891413726
Finland,FIN,2008,7.55643303718328
Finland,FIN,2009,7.55676209279368
Finland,FIN,2010,7.54162553471537
Finland,FIN,2011,7.52443318305966
Finland,FIN,2012,7.51949718648195
Finland,FIN,2013,7.43196551383724
Finland,FIN,2014,7.46026522754944
Finland,FIN,2015,7.48050409660755
Finland,FIN,2016,7.48576881313547
Finland,FIN,2017,7.4690708081074
Finland,FIN,2018,7.47565148723348
France,FRA,1990,55.8705251969626
France,FRA,1991,55.673471325831
France,FRA,1992,55.4897491809207
France,FRA,1993,55.3199066413912
France,FRA,1994,55.1621174433767
France,FRA,1995,55.0622208099115
France,FRA,1996,54.963785187539
France,FRA,1997,54.860236026342
France,FRA,1998,54.7513906999339
France,FRA,1999,54.6584338691592
France,FRA,2000,54.4360781420356
France,FRA,2001,54.2642270260991
France,FRA,2002,54.0768526956519
France,FRA,2003,53.9083390676934
France,FRA,2004,53.7987132168301
France,FRA,2005,53.675507755357
France,FRA,2006,53.5336047206044
France,FRA,2007,53.338921792617
France,FRA,2008,53.1635975797953
France,FRA,2009,52.9988658714983
France,FRA,2010,52.8279247639972
France,FRA,2011,52.7408105457514
France,FRA,2012,52.6790818124871
France,FRA,2013,52.549232317366
France,FRA,2014,52.5360830014044
France,FRA,2015,52.4637617636155
France,FRA,2016,52.4475461002233
France,FRA,2017,52.410066897145
France,FRA,2018,52.3417653321937
Germany,DEU,1990,51.6483831237648
Germany,DEU,1991,49.0820038381119
Germany,DEU,1992,48.5521152579269
Germany,DEU,1993,49.1578826764436
Germany,DEU,1994,49.5774970639627
Germany,DEU,1995,49.6791750214838
Germany,DEU,1996,49.6634105817984
Germany,DEU,1997,49.6404526572124
Germany,DEU,1998,49.776517105037
Germany,DEU,1999,49.1489483638031
Germany,DEU,2000,48.9124516406362
Germany,DEU,2001,48.8220120378332
Germany,DEU,2002,48.6355558103537
Germany,DEU,2003,48.7400017201342
Germany,DEU,2004,48.7799982796686
Germany,DEU,2005,48.8330083725198
Germany,DEU,2006,48.5948612066988
Germany,DEU,2007,48.6133019760805
Germany,DEU,2008,48.5356968706078
Germany,DEU,2009,48.4380826711798
Germany,DEU,2010,47.9100324181656
Germany,DEU,2011,47.9659169153087
Germany,DEU,2012,47.8108681930338
Germany,DEU,2013,47.8588626461821
Germany,DEU,2014,47.9363714531384
Germany,DEU,2015,47.9590666743106
Germany,DEU,2016,47.6786123196703
Germany,DEU,2017,47.7631164667831
Germany,DEU,2018,47.6415364359723
Greece,GRC,1990,71.5438324282389
Greece,GRC,1991,71.0938712179985
Greece,GRC,1992,71.1171450737005
Greece,GRC,1993,71.0628394103957
Greece,GRC,1994,71.1404189294026
Greece,GRC,1995,71.0938712179985
Greece,GRC,1996,71.155934833204
Greece,GRC,1997,69.7051978277735
Greece,GRC,1998,68.1303335919317
Greece,GRC,1999,67.2614429790535
Greece,GRC,2000,66.1675717610551
Greece,GRC,2001,65.4615981380915
Greece,GRC,2002,64.7245927075252
Greece,GRC,2003,64.0186190845617
Greece,GRC,2004,62.6842513576416
Greece,GRC,2005,62.1024049650892
Greece,GRC,2006,61.0007757951901
Greece,GRC,2007,60.1474010861133
Greece,GRC,2008,59.4026377036462
Greece,GRC,2009,58.6501163692785
Greece,GRC,2010,58.0993017843289
Greece,GRC,2011,57.377812257564
Greece,GRC,2012,56.5011636927851
Greece,GRC,2013,55.4926299456943
Greece,GRC,2014,48.1070597362296
Greece,GRC,2015,48.0915438324282
Greece,GRC,2016,47.6027928626843
Greece,GRC,2017,47.3390224980605
Greece,GRC,2018,47.3514352211016
Hungary,HUN,1990,72.0373873372649
Hungary,HUN,1991,71.8816067653277
Hungary,HUN,1992,68.2763992433515
Hungary,HUN,1993,68.2172267972401
Hungary,HUN,1994,68.1281994213221
Hungary,HUN,1995,68.7625194747385
Hungary,HUN,1996,68.8181615846873
Hungary,HUN,1997,68.9866369710468
Hungary,HUN,1998,68.9643652561247
Hungary,HUN,1999,68.8864142538976
Hungary,HUN,2000,65.32024101763
Hungary,HUN,2001,65.4429814773488
Hungary,HUN,2002,65.264449899576
Hungary,HUN,2003,65.4429814773488
Hungary,HUN,2004,65.431823253738
Hungary,HUN,2005,65.4279656288361
Hungary,HUN,2006,64.8253543131347
Hungary,HUN,2007,64.8030353755161
Hungary,HUN,2008,64.6133244057583
Hungary,HUN,2009,63.8793770020987
Hungary,HUN,2010,59.0191096873964
Hungary,HUN,2011,58.9528333149232
Hungary,HUN,2012,58.9638793770021
Hungary,HUN,2013,58.0691483486137
Hungary,HUN,2014,57.6813499890423
Hungary,HUN,2015,57.6813499890423
Hungary,HUN,2016,57.8785886478194
Hungary,HUN,2017,58.1087004163927
Hungary,HUN,2018,58.031996493535
Ireland,IRL,1990,82.0002903178981
Ireland,IRL,1991,64.4796051676586
Ireland,IRL,1992,64.0586442154159
Ireland,IRL,1993,63.9280011612716
Ireland,IRL,1994,63.7247786326027
Ireland,IRL,1995,63.7102627376978
Ireland,IRL,1996,63.0134997822616
Ireland,IRL,1997,64.3199303237045
Ireland,IRL,1998,64.1021919001306
Ireland,IRL,1999,64.1312236899405
Ireland,IRL,2000,64.044128320511
Ireland,IRL,2001,64.0150965307011
Ireland,IRL,2002,63.478008419219
Ireland,IRL,2003,63.4344607345043
Ireland,IRL,2004,62.4909275656844
Ireland,IRL,2005,62.4473798809697
Ireland,IRL,2006,61.837712294963
Ireland,IRL,2007,62.0699666134417
Ireland,IRL,2008,67.1940775148788
Ireland,IRL,2009,66.6848599216142
Ireland,IRL,2010,66.3086079256786
Ireland,IRL,2011,66.1199012919147
Ireland,IRL,2012,65.8005516040064
Ireland,IRL,2013,64.9876614893308
Ireland,IRL,2014,64.8279866453767
Ireland,IRL,2015,64.3054144287995
Ireland,IRL,2016,64.7554071708521
Ireland,IRL,2017,65.1618522281899
Ireland,IRL,2018,65.5537813906227
Italy,ITA,1990,57.2574886947061
Italy,ITA,1991,54.5850192104995
Italy,ITA,1992,54.3266124919248
Italy,ITA,1993,54.0954064805685
Italy,ITA,1994,53.3881880928904
Italy,ITA,1995,52.1335554724423
Italy,ITA,1996,52.1879568868791
Italy,ITA,1997,52.1743565332699
Italy,ITA,1998,52.6469688211894
Italy,ITA,1999,53.7179966679134
Italy,ITA,2000,53.167182346741
Italy,ITA,2001,52.7081704124307
Italy,ITA,2002,51.9295501683044
Italy,ITA,2003,50.6799483239274
Italy,ITA,2004,50.5983545250561
Italy,ITA,2005,50.0985925069695
Italy,ITA,2006,48.286530223703
Italy,ITA,2007,48.1471408172979
Italy,ITA,2008,49.1507445434147
Italy,ITA,2009,47.5365472224111
Italy,ITA,2010,48.7108179778337
Italy,ITA,2011,47.0952607601822
Italy,ITA,2012,46.6750526959951
Italy,ITA,2013,46.338478275651
Italy,ITA,2014,44.747399197661
Italy,ITA,2015,44.0096552661998
Italy,ITA,2016,43.5574896307881
Italy,ITA,2017,43.6070238661862
Italy,ITA,2018,41.6652671883922
Latvia,LVA,1990,30.019359405895255
Latvia,LVA,1991,30.019359405895255
Latvia,LVA,1992,40.6778570969194
Latvia,LVA,1993,40.4206058267413
Latvia,LVA,1994,40.8386391407808
Latvia,LVA,1995,29.4552704353978
Latvia,LVA,1996,30.1305550196154
Latvia,LVA,1997,28.4905781722297
Latvia,LVA,1998,28.1207794713486
Latvia,LVA,1999,25.9984564923789
Latvia,LVA,2000,25.532188565181
Latvia,LVA,2001,25.4196411344781
Latvia,LVA,2002,25.644735995884
Latvia,LVA,2003,25.4357193388642
Latvia,LVA,2004,26.4004116020323
Latvia,LVA,2005,27.8796064055566
Latvia,LVA,2006,29.8250691362789
Latvia,LVA,2007,29.5678178661007
Latvia,LVA,2008,29.3427230046948
Latvia,LVA,2009,29.4789321325185
Latvia,LVA,2010,29.0006426735219
Latvia,LVA,2011,29.1961414790997
Latvia,LVA,2012,29.60759086523
Latvia,LVA,2013,30.1817012381412
Latvia,LVA,2014,30.1255230125523
Latvia,LVA,2015,30.3315628520843
Latvia,LVA,2016,31.084996780425
Latvia,LVA,2017,31.1222025438738
Latvia,LVA,2018,31.2127556772427
Lithuania,LTU,1990,47.95229471317801
Lithuania,LTU,1991,47.95229471317801
Lithuania,LTU,1992,54.0682833439694
Lithuania,LTU,1993,53.174856413529
Lithuania,LTU,1994,49.8723675813657
Lithuania,LTU,1995,54.4033184428845
Lithuania,LTU,1996,54.4192724952138
Lithuania,LTU,1997,54.5149968091895
Lithuania,LTU,1998,54.6426292278239
Lithuania,LTU,1999,55.7753669432036
Lithuania,LTU,2000,54.5309508615188
Lithuania,LTU,2001,46.2029355456286
Lithuania,LTU,2002,46.0274409700064
Lithuania,LTU,2003,40.5392469687301
Lithuania,LTU,2004,41.5491384811742
Lithuania,LTU,2005,45.2616464582004
Lithuania,LTU,2006,44.5229738353542
Lithuania,LTU,2007,43.0105296745373
Lithuania,LTU,2008,42.6342241723175
Lithuania,LTU,2009,42.9038691663343
Lithuania,LTU,2010,44.2329477463103
Lithuania,LTU,2011,44.7697609854166
Lithuania,LTU,2012,45.3489485273
Lithuania,LTU,2013,46.1332269644994
Lithuania,LTU,2014,47.1252992817239
Lithuania,LTU,2015,47.9792498004789
Lithuania,LTU,2016,47.1552632419144
Lithuania,LTU,2017,46.8590859022046
Lithuania,LTU,2018,47.0541274149768
Luxembourg,LUX,1990,53.51825860948667
Luxembourg,LUX,1991,53.51825860948667
Luxembourg,LUX,1992,53.51825860948667
Luxembourg,LUX,1993,53.51825860948667
Luxembourg,LUX,1994,53.51825860948667
Luxembourg,LUX,1995,53.51825860948667
Luxembourg,LUX,1996,53.51825860948667
Luxembourg,LUX,1997,53.51825860948667
Luxembourg,LUX,1998,53.51825860948667
Luxembourg,LUX,1999,53.51825860948667
Luxembourg,LUX,2000,52.6748971193416
Luxembourg,LUX,2001,52.6748971193416
Luxembourg,LUX,2002,52.6748971193416
Luxembourg,LUX,2003,52.6748971193416
Luxembourg,LUX,2004,52.6748971193416
Luxembourg,LUX,2005,53.0864197530864
Luxembourg,LUX,2006,53.0864197530864
Luxembourg,LUX,2007,53.9094650205761
Luxembourg,LUX,2008,53.9094650205761
Luxembourg,LUX,2009,53.7860082304527
Luxembourg,LUX,2010,53.9259259259259
Luxembourg,LUX,2011,54.0205761316872
Luxembourg,LUX,2012,54.082304526749
Luxembourg,LUX,2013,53.8600823045267
Luxembourg,LUX,2014,53.9053497942387
Luxembourg,LUX,2015,54.0205761316872
Luxembourg,LUX,2016,53.7658436213992
Luxembourg,LUX,2017,53.9744855967078
Luxembourg,LUX,2018,54.1395061728395
Malta,MLT,1990,40.625
Malta,MLT,1991,40.625
Malta,MLT,1992,40.625
Malta,MLT,1993,40.625
Malta,MLT,1994,40.625
Malta,MLT,1995,34.375
Malta,MLT,1996,34.375
Malta,MLT,1997,31.25
Malta,MLT,1998,28.125
Malta,MLT,1999,28.125
Malta,MLT,2000,28.125
Malta,MLT,2001,31.25
Malta,MLT,2002,31.25
Malta,MLT,2003,32.5
Malta,MLT,2004,31.25
Malta,MLT,2005,29.0625
Malta,MLT,2006,28.75
Malta,MLT,2007,29.0625
Malta,MLT,2008,29.0625
Malta,MLT,2009,29.0625
Malta,MLT,2010,32.28125
Malta,MLT,2011,32.28125
Malta,MLT,2012,32.1875
Malta,MLT,2013,31.96875
Malta,MLT,2014,31.96875
Malta,MLT,2015,31.96875
Malta,MLT,2016,32.4375
Malta,MLT,2017,32.4375
Malta,MLT,2018,32.4375
Netherlands,NLD,1990,59.4194312796209
Netherlands,NLD,1991,58.9751184834123
Netherlands,NLD,1992,58.8270142180095
Netherlands,NLD,1993,58.8862559241706
Netherlands,NLD,1994,58.382701421801
Netherlands,NLD,1995,58.175355450237
Netherlands,NLD,1996,58.6789099526066
Netherlands,NLD,1997,58.2345971563981
Netherlands,NLD,1998,58.4419431279621
Netherlands,NLD,1999,58.2642180094787
Netherlands,NLD,2000,57.9383886255924
Netherlands,NLD,2001,57.1978672985782
Netherlands,NLD,2002,57.7310426540284
Netherlands,NLD,2003,56.9609004739336
Netherlands,NLD,2004,57.7428909952607
Netherlands,NLD,2005,57.396327014218
Netherlands,NLD,2006,56.8601895734597
Netherlands,NLD,2007,56.7061611374408
Netherlands,NLD,2008,57.1475118483412
Netherlands,NLD,2009,56.8455380966499
Netherlands,NLD,2010,55.5084494515268
Netherlands,NLD,2011,55.1126927639383
Netherlands,NLD,2012,54.6174377224199
Netherlands,NLD,2013,54.8411991688928
Netherlands,NLD,2014,54.5888987830217
Netherlands,NLD,2015,54.8262548262548
Netherlands,NLD,2016,53.9055539055539
Netherlands,NLD,2017,54.024354024354
Netherlands,NLD,2018,54.1134541134541
Norway,NOR,1990,2.67218626452454
Norway,NOR,1991,2.76527472046084
Norway,NOR,1992,2.74610945012102
Norway,NOR,1993,2.77348840774934
Norway,NOR,1994,2.82003263571749
Norway,NOR,1995,3.08560852471225
Norway,NOR,1996,3.09929800352641
Norway,NOR,1997,2.84193580182015
Norway,NOR,1998,2.86657686368565
Norway,NOR,1999,2.84193580182015
Norway,NOR,2000,2.85288738487148
Norway,NOR,2001,2.86657686368565
Norway,NOR,2002,2.86383896792281
Norway,NOR,2003,2.84741159334582
Norway,NOR,2004,2.84741159334582
Norway,NOR,2005,2.83646001029449
Norway,NOR,2006,2.83372211453166
Norway,NOR,2007,2.82550842724316
Norway,NOR,2008,2.80579557775076
Norway,NOR,2009,2.77693815641051
Norway,NOR,2010,2.75404934783323
Norway,NOR,2011,2.73515786706969
Norway,NOR,2012,2.71818291334012
Norway,NOR,2013,2.70359004539183
Norway,NOR,2014,2.7026523658753
Norway,NOR,2015,2.70004137564292
Norway,NOR,2016,2.69391072983381
Norway,NOR,2017,2.69802260586406
Norway,NOR,2018,2.70138535777853
Poland,POL,1990,61.3568839988246
Poland,POL,1991,61.2262888112573
Poland,POL,1992,61.1936400143655
Poland,POL,1993,61.1022233830683
Poland,POL,1994,61.0761043455549
Poland,POL,1995,60.7985895719743
Poland,POL,1996,60.3153873779751
Poland,POL,1997,60.259884423259
Poland,POL,1998,60.2141761076104
Poland,POL,1999,60.188057070097
Poland,POL,2000,60.1162297169349
Poland,POL,2001,58.0756799111953
Poland,POL,2002,55.1732018675112
Poland,POL,2003,52.7984587251829
Poland,POL,2004,53.2987301276401
Poland,POL,2005,51.9243952600137
Poland,POL,2006,52.0925829198224
Poland,POL,2007,50.49947767041
Poland,POL,2008,50.9337251061051
Poland,POL,2009,50.9958208175526
Poland,POL,2010,47.1757868616952
Poland,POL,2011,48.2611109296934
Poland,POL,2012,47.4462804519626
Poland,POL,2013,47.059207733255
Poland,POL,2014,47.1080048336001
Poland,POL,2015,46.9349096965936
Poland,POL,2016,46.9447075345374
Poland,POL,2017,47.2321107808877
Poland,POL,2018,47.39850409903
Portugal,PRT,1990,43.3114754098361
Portugal,PRT,1991,42.8415300546448
Portugal,PRT,1992,42.3825136612022
Portugal,PRT,1993,43.2677595628415
Portugal,PRT,1994,43.1912568306011
Portugal,PRT,1995,42.8852459016393
Portugal,PRT,1996,40.7650273224044
Portugal,PRT,1997,39.1475409836066
Portugal,PRT,1998,40.6830601092896
Portugal,PRT,1999,42.2185792349727
Portugal,PRT,2000,43.2391256830601
Portugal,PRT,2001,42.1182513661202
Portugal,PRT,2002,42.3794535519126
Portugal,PRT,2003,41.6795628415301
Portugal,PRT,2004,42.2908196721311
Portugal,PRT,2005,41.8048540505084
Portugal,PRT,2006,41.0807915163442
Portugal,PRT,2007,40.0231769979228
Portugal,PRT,2008,40.7331365475019
Portugal,PRT,2009,40.3491647559777
Portugal,PRT,2010,39.8970411616989
Portugal,PRT,2011,39.8445245114095
Portugal,PRT,2012,40.0088437602358
Portugal,PRT,2013,40.4027282294018
Portugal,PRT,2014,39.996244771062
Portugal,PRT,2015,39.7222440549486
Portugal,PRT,2016,39.5066458819112
Portugal,PRT,2017,39.1657431423406
Portugal,PRT,2018,39.0149728837538
Romania,ROU,1990,64.3950294310007
Romania,ROU,1991,64.4905430140329
Romania,ROU,1992,64.4556785496383
Romania,ROU,1993,64.4687527237863
Romania,ROU,1994,64.4764933989804
Romania,ROU,1995,64.4777550220053
Romania,ROU,1996,64.4039735099338
Romania,ROU,1997,64.4708752668496
Romania,ROU,1998,64.2318916329108
Romania,ROU,1999,64.3771777003484
Romania,ROU,2000,64.6772016890862
Romania,ROU,2001,64.420356101171
Romania,ROU,2002,64.4625222952103
Romania,ROU,2003,64.3618177864753
Romania,ROU,2004,61.4347826086956
Romania,ROU,2005,61.6575354378642
Romania,ROU,2006,61.0444386468388
Romania,ROU,2007,59.2892252816564
Romania,ROU,2008,59.3040452370596
Romania,ROU,2009,59.2062940102582
Romania,ROU,2010,61.5344490328189
Romania,ROU,2011,60.7464048312117
Romania,ROU,2012,59.7035040431267
Romania,ROU,2013,60.4486371342868
Romania,ROU,2014,60.1095271210014
Romania,ROU,2015,60.2312239221141
Romania,ROU,2016,58.7665159944367
Romania,ROU,2017,58.1449930458971
Romania,ROU,2018,58.3014603616134
Slovenia,SVN,1990,27.656600632782126
Slovenia,SVN,1991,27.656600632782126
Slovenia,SVN,1992,28.0039721946375
Slovenia,SVN,1993,27.8053624627607
Slovenia,SVN,1994,27.2591857000993
Slovenia,SVN,1995,26.7130089374379
Slovenia,SVN,1996,26.0675273088381
Slovenia,SVN,1997,24.5779543197617
Slovenia,SVN,1998,24.3296921549156
Slovenia,SVN,1999,24.8262164846077
Slovenia,SVN,2000,25.7199602780536
Slovenia,SVN,2001,25.3227408142999
Slovenia,SVN,2002,25.0744786494538
Slovenia,SVN,2003,25.3227408142999
Slovenia,SVN,2004,24.428997020854
Slovenia,SVN,2005,25.2730883813307
Slovenia,SVN,2006,24.3793445878848
Slovenia,SVN,2007,24.7269116186693
Slovenia,SVN,2008,30.7035569983421
Slovenia,SVN,2009,31.0297928104121
Slovenia,SVN,2010,30.9666339061461
Slovenia,SVN,2011,30.8056189814355
Slovenia,SVN,2012,30.36826717364
Slovenia,SVN,2013,30.298411122145
Slovenia,SVN,2014,30.5283018867925
Slovenia,SVN,2015,30.6062772432556
Slovenia,SVN,2016,30.6563399860987
Slovenia,SVN,2017,30.5411136105194
Slovenia,SVN,2018,30.3927216384259
Spain,ESP,1990,61.0123338138715
Spain,ESP,1991,60.8101073201986
Spain,ESP,1992,60.6259010091302
Spain,ESP,1993,60.1333493512734
Spain,ESP,1994,60.4336857280154
Spain,ESP,1995,59.5046452026269
Spain,ESP,1996,60.3455870575044
Spain,ESP,1997,60.1854076565754
Spain,ESP,1998,59.9831811629025
Spain,ESP,1999,59.6227775108121
Spain,ESP,2000,59.6513026052104
Spain,ESP,2001,59.2152772205729
Spain,ESP,2002,58.9511862776531
Spain,ESP,2003,58.3982692654394
Spain,ESP,2004,58.2375095156056
Spain,ESP,2005,58.4343505179427
Spain,ESP,2006,57.3429796785442
Spain,ESP,2007,56.1078720121817
Spain,ESP,2008,56.4194065757819
Spain,ESP,2009,56.0903220631292
Spain,ESP,2010,55.0888982220356
Spain,ESP,2011,54.0409698327599
Spain,ESP,2012,53.8613782211471
Spain,ESP,2013,53.4439535395134
Spain,ESP,2014,53.1336838527818
Spain,ESP,2015,53.1890621841609
Spain,ESP,2016,52.5772473596977
Spain,ESP,2017,52.6387138276281
Spain,ESP,2018,52.408209711446
Sweden,SWE,1990,8.31749281083979
Sweden,SWE,1991,8.18345762050982
Sweden,SWE,1992,8.14933957206219
Sweden,SWE,1993,8.17858361358873
Sweden,SWE,1994,8.17858361358873
Sweden,SWE,1995,7.96169030560023
Sweden,SWE,1996,8.03480040941658
Sweden,SWE,1997,7.94219427791587
Sweden,SWE,1998,7.87395818102062
Sweden,SWE,1999,7.78378905298046
Sweden,SWE,2000,7.68387191109811
Sweden,SWE,2001,7.68630891455866
Sweden,SWE,2002,7.72530096992738
Sweden,SWE,2003,7.70824194570356
Sweden,SWE,2004,7.75941901837501
Sweden,SWE,2005,7.83740312911244
Sweden,SWE,2006,7.70824194570356
Sweden,SWE,2007,7.64487985572939
Sweden,SWE,2008,7.53765170346542
Sweden,SWE,2009,7.50353365501779
Sweden,SWE,2010,7.51815567578106
Sweden,SWE,2011,7.47185261003071
Sweden,SWE,2012,7.48416556193843
Sweden,SWE,2013,7.48244709579221
Sweden,SWE,2014,7.44568019444649
Sweden,SWE,2015,7.4631116348727
Sweden,SWE,2016,7.44273403550122
Sweden,SWE,2017,7.41695514473006
Sweden,SWE,2018,7.38749355527731
Switzerland,CHE,1990,40.6208100381998
Switzerland,CHE,1991,40.4993802018771
Switzerland,CHE,1992,40.3804801538111
Switzerland,CHE,1993,40.2615801057451
Switzerland,CHE,1994,40.1426800576792
Switzerland,CHE,1995,40.0237800096132
Switzerland,CHE,1996,39.9413074276462
Switzerland,CHE,1997,39.8638905052243
Switzerland,CHE,1998,39.7788797247381
Switzerland,CHE,1999,39.6989247311828
Switzerland,CHE,2000,39.6214958000202
Switzerland,CHE,2001,39.5364724337727
Switzerland,CHE,2002,39.4590354739133
Switzerland,CHE,2003,39.3765339945852
Switzerland,CHE,2004,39.3016194331984
Switzerland,CHE,2005,39.2226327243282
Switzerland,CHE,2006,39.1426474681783
Switzerland,CHE,2007,39.0601275432736
Switzerland,CHE,2008,38.9867395485373
Switzerland,CHE,2009,38.9082903127847
Switzerland,CHE,2010,38.8349023180484
Switzerland,CHE,2011,38.7589837028039
Switzerland,CHE,2012,38.6855957080676
Switzerland,CHE,2013,38.5889133515538
Switzerland,CHE,2014,38.5135818402672
Switzerland,CHE,2015,38.4384160048466
Switzerland,CHE,2016,38.3634970415803
Switzerland,CHE,2017,38.2882339141862
Switzerland,CHE,2018,38.2142538104157
United Kingdom,GBR,1990,75.2407721241681
United Kingdom,GBR,1991,74.9927665027074
United Kingdom,GBR,1992,74.6910263299301
United Kingdom,GBR,1993,72.4755094448807
United Kingdom,GBR,1994,71.9588310668375
United Kingdom,GBR,1995,71.8348282561071
United Kingdom,GBR,1996,72.3101723639069
United Kingdom,GBR,1997,72.6863142231224
United Kingdom,GBR,1998,72.4093746124912
United Kingdom,GBR,1999,71.1734799322118
United Kingdom,GBR,2000,70.1194560410036
United Kingdom,GBR,2001,70.0739883437358
United Kingdom,GBR,2002,70.1690571652957
United Kingdom,GBR,2003,70.0863886248088
United Kingdom,GBR,2004,70.4790641921217
United Kingdom,GBR,2005,70.0863886248088
United Kingdom,GBR,2006,73.7320712602819
United Kingdom,GBR,2007,72.9425866986318
United Kingdom,GBR,2008,73.0955234985326
United Kingdom,GBR,2009,71.6116231967925
United Kingdom,GBR,2010,71.1941470673335
United Kingdom,GBR,2011,70.9461414458728
United Kingdom,GBR,2012,71.020543132311
United Kingdom,GBR,2013,71.3024428553714
United Kingdom,GBR,2014,71.2272144835283
United Kingdom,GBR,2015,70.8386723432398
United Kingdom,GBR,2016,71.7148836440293
United Kingdom,GBR,2017,72.1950667548465
United Kingdom,GBR,2018,71.7185202331253
